Date,Open,High,Low,Close,Volume,Dividends,Stock Splits
2020-09-02 00:00:00-04:00,10.0,10.0,9.649999618530273,9.649999618530273,700,0.0,0.0
2020-09-03 00:00:00-04:00,9.720000267028809,9.720000267028809,9.6899995803833,9.6899995803833,26800,0.0,0.0
2020-09-04 00:00:00-04:00,9.699999809265137,9.760000228881836,9.6899995803833,9.739999771118164,100,0.0,0.0
2020-09-08 00:00:00-04:00,9.739999771118164,9.739999771118164,9.739999771118164,9.739999771118164,0,0.0,0.0
2020-09-09 00:00:00-04:00,9.729999542236328,9.739999771118164,9.710000038146973,9.739999771118164,8400,0.0,0.0
2020-09-10 00:00:00-04:00,9.75,9.75,9.710000038146973,9.75,1463100,0.0,0.0
2020-09-11 00:00:00-04:00,9.720000267028809,9.8100004196167,9.720000267028809,9.729999542236328,10600,0.0,0.0
2020-09-14 00:00:00-04:00,9.729999542236328,9.75,9.699999809265137,9.75,340600,0.0,0.0
2020-09-15 00:00:00-04:00,10.0,10.6899995803833,9.710000038146973,9.710000038146973,86400,0.0,0.0
2020-09-16 00:00:00-04:00,9.720000267028809,9.720000267028809,9.710000038146973,9.720000267028809,76500,0.0,0.0
2020-09-17 00:00:00-04:00,9.739999771118164,9.75,9.720000267028809,9.739999771118164,1091000,0.0,0.0
2020-09-18 00:00:00-04:00,9.845000267028809,9.845000267028809,9.729999542236328,9.770000457763672,228700,0.0,0.0
2020-09-21 00:00:00-04:00,9.73900032043457,9.770000457763672,9.73900032043457,9.770000457763672,547700,0.0,0.0
2020-09-22 00:00:00-04:00,9.760000228881836,9.760000228881836,9.75,9.75,99000,0.0,0.0
2020-09-23 00:00:00-04:00,9.75,9.770000457763672,9.75,9.760000228881836,514600,0.0,0.0
2020-09-24 00:00:00-04:00,9.75,9.760000228881836,9.75,9.75,315200,0.0,0.0
2020-09-25 00:00:00-04:00,9.75,9.760000228881836,9.75,9.75,165300,0.0,0.0
2020-09-28 00:00:00-04:00,9.75,9.760000228881836,9.75,9.760000228881836,1300,0.0,0.0
2020-09-29 00:00:00-04:00,9.760000228881836,9.800000190734863,9.760000228881836,9.770000457763672,829800,0.0,0.0
2020-09-30 00:00:00-04:00,9.770000457763672,9.899999618530273,9.75,9.8100004196167,609500,0.0,0.0
2020-10-01 00:00:00-04:00,9.800000190734863,9.8100004196167,9.760000228881836,9.770000457763672,209600,0.0,0.0
2020-10-02 00:00:00-04:00,9.75,9.760000228881836,9.75,9.75,356600,0.0,0.0
2020-10-05 00:00:00-04:00,9.800000190734863,9.800000190734863,9.800000190734863,9.800000190734863,100,0.0,0.0
2020-10-06 00:00:00-04:00,9.770000457763672,9.770000457763672,9.760000228881836,9.760000228881836,16500,0.0,0.0
2020-10-07 00:00:00-04:00,9.770000457763672,9.770000457763672,9.770000457763672,9.770000457763672,1200,0.0,0.0
2020-10-08 00:00:00-04:00,9.760000228881836,9.770000457763672,9.760000228881836,9.770000457763672,20600,0.0,0.0
2020-10-09 00:00:00-04:00,9.760000228881836,9.760000228881836,9.739999771118164,9.739999771118164,23800,0.0,0.0
2020-10-12 00:00:00-04:00,9.75,9.765000343322754,9.75,9.760000228881836,3500,0.0,0.0
2020-10-13 00:00:00-04:00,9.710000038146973,9.729999542236328,9.699999809265137,9.729999542236328,153300,0.0,0.0
2020-10-14 00:00:00-04:00,9.729999542236328,9.729999542236328,9.729999542236328,9.729999542236328,311500,0.0,0.0
2020-10-15 00:00:00-04:00,9.729999542236328,9.729999542236328,9.720000267028809,9.720000267028809,105600,0.0,0.0
2020-10-16 00:00:00-04:00,9.729999542236328,9.789999961853027,9.729999542236328,9.729999542236328,14400,0.0,0.0
2020-10-19 00:00:00-04:00,9.729999542236328,9.779999732971191,9.729999542236328,9.729999542236328,80200,0.0,0.0
2020-10-20 00:00:00-04:00,9.729999542236328,9.729999542236328,9.729999542236328,9.729999542236328,5600,0.0,0.0
2020-10-21 00:00:00-04:00,9.729999542236328,9.729999542236328,9.729999542236328,9.729999542236328,100,0.0,0.0
2020-10-22 00:00:00-04:00,9.710000038146973,9.720000267028809,9.680000305175781,9.720000267028809,207100,0.0,0.0
2020-10-23 00:00:00-04:00,9.720000267028809,9.720000267028809,9.680000305175781,9.699999809265137,2400,0.0,0.0
2020-10-26 00:00:00-04:00,9.680000305175781,9.75,9.680000305175781,9.75,115100,0.0,0.0
2020-10-27 00:00:00-04:00,9.680000305175781,9.699999809265137,9.680000305175781,9.6850004196167,9600,0.0,0.0
2020-10-28 00:00:00-04:00,9.680000305175781,9.710000038146973,9.670000076293945,9.710000038146973,161600,0.0,0.0
2020-10-29 00:00:00-04:00,9.680000305175781,9.699999809265137,9.659000396728516,9.670000076293945,125100,0.0,0.0
2020-10-30 00:00:00-04:00,9.680000305175781,9.680000305175781,9.65999984741211,9.65999984741211,100500,0.0,0.0
2020-11-02 00:00:00-05:00,9.699999809265137,9.699999809265137,9.649999618530273,9.649999618530273,20100,0.0,0.0
2020-11-03 00:00:00-05:00,9.65999984741211,9.699999809265137,9.649999618530273,9.65999984741211,23400,0.0,0.0
2020-11-04 00:00:00-05:00,9.670000076293945,9.699999809265137,9.670000076293945,9.699999809265137,8200,0.0,0.0
2020-11-05 00:00:00-05:00,9.699999809265137,9.710000038146973,9.699999809265137,9.710000038146973,3200,0.0,0.0
2020-11-06 00:00:00-05:00,9.687999725341797,9.687999725341797,9.687999725341797,9.687999725341797,400,0.0,0.0
2020-11-09 00:00:00-05:00,9.710000038146973,9.720000267028809,9.710000038146973,9.710000038146973,10200,0.0,0.0
2020-11-10 00:00:00-05:00,9.699999809265137,9.699999809265137,9.699999809265137,9.699999809265137,7500,0.0,0.0
2020-11-11 00:00:00-05:00,9.699999809265137,9.720000267028809,9.699999809265137,9.699999809265137,10300,0.0,0.0
2020-11-12 00:00:00-05:00,9.699999809265137,9.720000267028809,9.699999809265137,9.720000267028809,10300,0.0,0.0
2020-11-13 00:00:00-05:00,9.720000267028809,9.720000267028809,9.720000267028809,9.720000267028809,7500,0.0,0.0
2020-11-16 00:00:00-05:00,9.729999542236328,9.739999771118164,9.729999542236328,9.729999542236328,106800,0.0,0.0
2020-11-17 00:00:00-05:00,9.729999542236328,9.760000228881836,9.725000381469727,9.75,565700,0.0,0.0
2020-11-18 00:00:00-05:00,9.770000457763672,9.779999732971191,9.729999542236328,9.779999732971191,128500,0.0,0.0
2020-11-19 00:00:00-05:00,9.729999542236328,9.770000457763672,9.729999542236328,9.770000457763672,2800,0.0,0.0
2020-11-20 00:00:00-05:00,9.720000267028809,9.770000457763672,9.720000267028809,9.729999542236328,7300,0.0,0.0
2020-11-23 00:00:00-05:00,9.729999542236328,9.760000228881836,9.720000267028809,9.729999542236328,56600,0.0,0.0
2020-11-24 00:00:00-05:00,9.720000267028809,9.770000457763672,9.720000267028809,9.770000457763672,1700,0.0,0.0
2020-11-25 00:00:00-05:00,9.720000267028809,9.770000457763672,9.720000267028809,9.770000457763672,2200,0.0,0.0
2020-11-27 00:00:00-05:00,9.779999732971191,9.8100004196167,9.779999732971191,9.8100004196167,12000,0.0,0.0
2020-11-30 00:00:00-05:00,9.800000190734863,9.800000190734863,9.760000228881836,9.800000190734863,800,0.0,0.0
2020-12-01 00:00:00-05:00,9.800000190734863,9.8100004196167,9.770000457763672,9.800000190734863,9400,0.0,0.0
2020-12-02 00:00:00-05:00,9.8100004196167,9.829999923706055,9.805000305175781,9.8100004196167,107800,0.0,0.0
2020-12-03 00:00:00-05:00,9.8100004196167,9.850000381469727,9.8100004196167,9.84000015258789,20400,0.0,0.0
2020-12-04 00:00:00-05:00,9.819999694824219,9.829999923706055,9.819999694824219,9.829999923706055,3200,0.0,0.0
2020-12-07 00:00:00-05:00,9.895000457763672,9.899999618530273,9.800000190734863,9.8100004196167,78400,0.0,0.0
2020-12-08 00:00:00-05:00,9.8100004196167,9.949999809265137,9.8100004196167,9.850000381469727,21900,0.0,0.0
2020-12-09 00:00:00-05:00,9.850000381469727,9.949999809265137,9.850000381469727,9.920000076293945,44400,0.0,0.0
2020-12-10 00:00:00-05:00,9.920000076293945,9.949999809265137,9.880000114440918,9.90999984741211,16000,0.0,0.0
2020-12-11 00:00:00-05:00,9.949999809265137,9.989999771118164,9.899999618530273,9.960000038146973,228200,0.0,0.0
2020-12-14 00:00:00-05:00,9.982999801635742,9.989999771118164,9.899999618530273,9.989999771118164,21900,0.0,0.0
2020-12-15 00:00:00-05:00,9.949999809265137,9.989999771118164,9.819999694824219,9.979999542236328,255700,0.0,0.0
2020-12-16 00:00:00-05:00,9.979999542236328,10.020000457763672,9.899999618530273,10.0,177300,0.0,0.0
2020-12-17 00:00:00-05:00,10.0,10.0,9.970000267028809,10.0,109100,0.0,0.0
2020-12-18 00:00:00-05:00,10.0,10.010000228881836,9.979999542236328,10.0,234700,0.0,0.0
2020-12-21 00:00:00-05:00,9.979999542236328,10.020000457763672,9.979999542236328,10.0,64700,0.0,0.0
2020-12-22 00:00:00-05:00,10.0,10.020000457763672,10.0,10.0,126400,0.0,0.0
2020-12-23 00:00:00-05:00,10.0,10.020000457763672,9.960000038146973,10.010000228881836,123500,0.0,0.0
2020-12-24 00:00:00-05:00,10.010000228881836,10.020000457763672,10.0,10.0,114700,0.0,0.0
2020-12-28 00:00:00-05:00,10.029999732971191,10.050000190734863,9.979999542236328,9.979999542236328,28700,0.0,0.0
2020-12-29 00:00:00-05:00,9.979999542236328,9.989999771118164,9.819999694824219,9.979999542236328,110100,0.0,0.0
2020-12-30 00:00:00-05:00,9.800000190734863,10.0,9.800000190734863,9.970000267028809,19900,0.0,0.0
2020-12-31 00:00:00-05:00,10.0,10.079999923706055,9.899999618530273,10.0,160400,0.0,0.0
2021-01-04 00:00:00-05:00,10.029999732971191,10.109999656677246,10.029999732971191,10.079999923706055,60800,0.0,0.0
2021-01-05 00:00:00-05:00,10.079999923706055,10.079999923706055,10.0,10.0600004196167,42100,0.0,0.0
2021-01-06 00:00:00-05:00,10.079999923706055,10.140000343322754,10.020000457763672,10.020000457763672,34100,0.0,0.0
2021-01-07 00:00:00-05:00,10.029999732971191,10.130000114440918,9.920000076293945,10.069999694824219,233000,0.0,0.0
2021-01-08 00:00:00-05:00,10.100000381469727,10.25,10.020000457763672,10.100000381469727,71200,0.0,0.0
2021-01-11 00:00:00-05:00,11.949999809265137,12.350000381469727,11.40999984741211,12.0,8909300,0.0,0.0
2021-01-12 00:00:00-05:00,11.739999771118164,11.800000190734863,11.510000228881836,11.600000381469727,3094900,0.0,0.0
2021-01-13 00:00:00-05:00,11.635000228881836,11.789999961853027,11.510000228881836,11.649999618530273,3055500,0.0,0.0
2021-01-14 00:00:00-05:00,11.949999809265137,11.949999809265137,11.75,11.899999618530273,2137400,0.0,0.0
2021-01-15 00:00:00-05:00,11.899999618530273,11.944000244140625,11.255000114440918,11.859999656677246,1453800,0.0,0.0
2021-01-19 00:00:00-05:00,11.850000381469727,11.850000381469727,11.34000015258789,11.640000343322754,1151500,0.0,0.0
2021-01-20 00:00:00-05:00,11.550000190734863,11.600000381469727,11.3100004196167,11.449999809265137,680400,0.0,0.0
2021-01-21 00:00:00-05:00,11.369999885559082,11.399999618530273,11.0,11.130000114440918,976000,0.0,0.0
2021-01-22 00:00:00-05:00,11.09000015258789,11.199999809265137,11.010000228881836,11.149999618530273,688100,0.0,0.0
2021-01-25 00:00:00-05:00,11.4399995803833,11.520000457763672,11.300000190734863,11.420000076293945,1993000,0.0,0.0
2021-01-26 00:00:00-05:00,12.8100004196167,13.350000381469727,12.3100004196167,13.229999542236328,5243200,0.0,0.0
2021-01-27 00:00:00-05:00,13.75,14.989999771118164,12.529999732971191,13.0,4484800,0.0,0.0
2021-01-28 00:00:00-05:00,15.989999771118164,17.5,14.5,15.430000305175781,15979500,0.0,0.0
2021-01-29 00:00:00-05:00,20.309999465942383,20.649999618530273,17.06999969482422,18.450000762939453,14706400,0.0,0.0
2021-02-01 00:00:00-05:00,20.170000076293945,20.75,19.0,19.15999984741211,6534900,0.0,0.0
2021-02-02 00:00:00-05:00,19.049999237060547,19.149999618530273,17.510000228881836,17.780000686645508,4197200,0.0,0.0
2021-02-03 00:00:00-05:00,17.589000701904297,18.5,16.149999618530273,16.200000762939453,4839200,0.0,0.0
2021-02-04 00:00:00-05:00,16.65999984741211,17.84000015258789,16.40999984741211,16.6299991607666,2880200,0.0,0.0
2021-02-05 00:00:00-05:00,17.155000686645508,18.75,16.920000076293945,17.260000228881836,3782900,0.0,0.0
2021-02-08 00:00:00-05:00,17.68000030517578,18.5,17.399999618530273,17.489999771118164,2295000,0.0,0.0
2021-02-09 00:00:00-05:00,17.5,17.6200008392334,16.600000381469727,16.889999389648438,2146400,0.0,0.0
2021-02-10 00:00:00-05:00,16.719999313354492,17.5,16.209999084472656,16.3799991607666,2039100,0.0,0.0
2021-02-11 00:00:00-05:00,16.440000534057617,16.540000915527344,15.600000381469727,15.789999961853027,1856200,0.0,0.0
2021-02-12 00:00:00-05:00,15.5600004196167,16.020000457763672,15.199999809265137,15.579999923706055,1206800,0.0,0.0
2021-02-16 00:00:00-05:00,16.25,17.479999542236328,16.049999237060547,16.920000076293945,2387700,0.0,0.0
2021-02-17 00:00:00-05:00,17.229999542236328,18.3700008392334,16.799999237060547,17.81999969482422,2510100,0.0,0.0
2021-02-18 00:00:00-05:00,17.239999771118164,17.8700008392334,16.850000381469727,17.170000076293945,1218900,0.0,0.0
2021-02-19 00:00:00-05:00,17.239999771118164,17.850000381469727,16.924999237060547,17.100000381469727,1235500,0.0,0.0
2021-02-22 00:00:00-05:00,17.760000228881836,18.72800064086914,17.56999969482422,17.6200008392334,2366600,0.0,0.0
2021-02-23 00:00:00-05:00,16.780000686645508,16.889999389648438,15.0600004196167,15.600000381469727,3021700,0.0,0.0
2021-02-24 00:00:00-05:00,15.789999961853027,16.06999969482422,15.350000381469727,15.40999984741211,1377900,0.0,0.0
2021-02-25 00:00:00-05:00,15.520000457763672,15.699999809265137,14.300000190734863,15.0,1937300,0.0,0.0
2021-02-26 00:00:00-05:00,14.880000114440918,14.880000114440918,13.8100004196167,14.09000015258789,1830600,0.0,0.0
2021-03-01 00:00:00-05:00,14.800000190734863,15.300000190734863,14.5,14.899999618530273,1302200,0.0,0.0
2021-03-02 00:00:00-05:00,15.0,15.0,14.050000190734863,14.170000076293945,874800,0.0,0.0
2021-03-03 00:00:00-05:00,14.270000457763672,14.489999771118164,12.699999809265137,12.779999732971191,1705700,0.0,0.0
2021-03-04 00:00:00-05:00,12.850000381469727,12.989999771118164,11.4399995803833,11.510000228881836,2785500,0.0,0.0
2021-03-05 00:00:00-05:00,12.149999618530273,12.15999984741211,10.5600004196167,11.899999618530273,3075300,0.0,0.0
2021-03-08 00:00:00-05:00,11.82800006866455,12.4399995803833,11.25,11.399999618530273,1063200,0.0,0.0
2021-03-09 00:00:00-05:00,11.979999542236328,12.420000076293945,11.779999732971191,12.170000076293945,1212500,0.0,0.0
2021-03-10 00:00:00-05:00,12.510000228881836,12.543000221252441,11.699999809265137,12.100000381469727,1771900,0.0,0.0
2021-03-11 00:00:00-05:00,12.25,13.850000381469727,12.170000076293945,13.359999656677246,1473700,0.0,0.0
2021-03-12 00:00:00-05:00,13.020000457763672,14.0,12.854999542236328,13.789999961853027,1237000,0.0,0.0
2021-03-15 00:00:00-04:00,13.649999618530273,13.680000305175781,12.899999618530273,13.329999923706055,912500,0.0,0.0
2021-03-16 00:00:00-04:00,13.899999618530273,14.100000381469727,13.020000457763672,13.199999809265137,1031500,0.0,0.0
2021-03-17 00:00:00-04:00,12.920000076293945,13.449999809265137,12.635000228881836,13.140000343322754,954200,0.0,0.0
2021-03-18 00:00:00-04:00,13.0,13.199999809265137,12.75,12.829999923706055,604000,0.0,0.0
2021-03-19 00:00:00-04:00,12.680000305175781,12.880000114440918,12.510000228881836,12.65999984741211,581200,0.0,0.0
2021-03-22 00:00:00-04:00,12.600000381469727,12.649999618530273,12.0600004196167,12.270000457763672,775500,0.0,0.0
2021-03-23 00:00:00-04:00,12.199999809265137,12.40999984741211,12.180000305175781,12.210000038146973,650800,0.0,0.0
2021-03-24 00:00:00-04:00,12.289999961853027,12.430000305175781,11.920000076293945,11.979999542236328,1045000,0.0,0.0
2021-03-25 00:00:00-04:00,11.579999923706055,11.859999656677246,11.4399995803833,11.609999656677246,979100,0.0,0.0
2021-03-26 00:00:00-04:00,12.029999732971191,12.1899995803833,11.600000381469727,12.1899995803833,677700,0.0,0.0
2021-03-29 00:00:00-04:00,12.08899974822998,12.489999771118164,11.899999618530273,12.010000228881836,399700,0.0,0.0
2021-03-30 00:00:00-04:00,12.0,12.16100025177002,11.710000038146973,11.890000343322754,361600,0.0,0.0
2021-03-31 00:00:00-04:00,12.270000457763672,12.5,12.010000228881836,12.0600004196167,420600,0.0,0.0
2021-04-01 00:00:00-04:00,12.359999656677246,12.789999961853027,12.229999542236328,12.399999618530273,454400,0.0,0.0
2021-04-05 00:00:00-04:00,12.619999885559082,12.9399995803833,12.329999923706055,12.390000343322754,356700,0.0,0.0
2021-04-06 00:00:00-04:00,13.600000381469727,14.140000343322754,13.270000457763672,13.630000114440918,3091600,0.0,0.0
2021-04-07 00:00:00-04:00,13.699999809265137,14.520000457763672,13.699999809265137,14.029999732971191,1353500,0.0,0.0
2021-04-08 00:00:00-04:00,14.029999732971191,15.140000343322754,14.029999732971191,14.859999656677246,1393400,0.0,0.0
2021-04-09 00:00:00-04:00,15.359999656677246,15.428999900817871,14.079999923706055,14.989999771118164,1300200,0.0,0.0
2021-04-12 00:00:00-04:00,14.680000305175781,14.90999984741211,12.800000190734863,13.069999694824219,2409700,0.0,0.0
2021-04-13 00:00:00-04:00,12.470000267028809,13.109999656677246,12.46500015258789,12.579999923706055,1188300,0.0,0.0
2021-04-14 00:00:00-04:00,12.65999984741211,12.989999771118164,11.619999885559082,11.6899995803833,2074100,0.0,0.0
2021-04-15 00:00:00-04:00,11.949999809265137,12.600000381469727,11.850000381469727,12.359999656677246,1209900,0.0,0.0
2021-04-16 00:00:00-04:00,12.380000114440918,12.380000114440918,11.859999656677246,11.920000076293945,591700,0.0,0.0
2021-04-19 00:00:00-04:00,12.0,12.100000381469727,11.289999961853027,11.550000190734863,703100,0.0,0.0
2021-04-20 00:00:00-04:00,11.3100004196167,11.470000267028809,11.085000038146973,11.260000228881836,595400,0.0,0.0
2021-04-21 00:00:00-04:00,11.260000228881836,11.8100004196167,11.130000114440918,11.770000457763672,555100,0.0,0.0
2021-04-22 00:00:00-04:00,11.770000457763672,12.220000267028809,11.710000038146973,11.869999885559082,722400,0.0,0.0
2021-04-23 00:00:00-04:00,11.944000244140625,12.399999618530273,11.944000244140625,12.270000457763672,407500,0.0,0.0
2021-04-26 00:00:00-04:00,12.1899995803833,12.260000228881836,11.899999618530273,12.020000457763672,376900,0.0,0.0
2021-04-27 00:00:00-04:00,12.09000015258789,12.149999618530273,11.760000228881836,11.819999694824219,244500,0.0,0.0
2021-04-28 00:00:00-04:00,11.75,12.100000381469727,11.75,12.050000190734863,292400,0.0,0.0
2021-04-29 00:00:00-04:00,12.260000228881836,12.260000228881836,11.6899995803833,11.739999771118164,267600,0.0,0.0
2021-04-30 00:00:00-04:00,11.760000228881836,11.920000076293945,11.6899995803833,11.729999542236328,333200,0.0,0.0
2021-05-03 00:00:00-04:00,11.75,11.779999732971191,11.520000457763672,11.640000343322754,313900,0.0,0.0
2021-05-04 00:00:00-04:00,11.550000190734863,11.649999618530273,11.3100004196167,11.550000190734863,388100,0.0,0.0
2021-05-05 00:00:00-04:00,11.600000381469727,11.850000381469727,11.550000190734863,11.829999923706055,155600,0.0,0.0
2021-05-06 00:00:00-04:00,11.633999824523926,11.779999732971191,11.430000305175781,11.470000267028809,234700,0.0,0.0
2021-05-07 00:00:00-04:00,11.420000076293945,11.550000190734863,10.90999984741211,11.25,687000,0.0,0.0
2021-05-10 00:00:00-04:00,11.75,11.75,10.859999656677246,10.920000076293945,1034700,0.0,0.0
2021-05-11 00:00:00-04:00,10.59000015258789,11.010000228881836,10.420000076293945,10.949999809265137,1021100,0.0,0.0
2021-05-12 00:00:00-04:00,11.09000015258789,11.149999618530273,10.619999885559082,10.930000305175781,498100,0.0,0.0
2021-05-13 00:00:00-04:00,10.819999694824219,10.979000091552734,10.630000114440918,10.890000343322754,460700,0.0,0.0
2021-05-14 00:00:00-04:00,10.84000015258789,11.300000190734863,10.795000076293945,11.069999694824219,434700,0.0,0.0
2021-05-17 00:00:00-04:00,11.0600004196167,11.170000076293945,10.930000305175781,11.039999961853027,165900,0.0,0.0
2021-05-18 00:00:00-04:00,11.029999732971191,11.260000228881836,10.960000038146973,11.039999961853027,326000,0.0,0.0
2021-05-19 00:00:00-04:00,10.989999771118164,10.989999771118164,10.75,10.859999656677246,286300,0.0,0.0
2021-05-20 00:00:00-04:00,10.899999618530273,11.0,10.850000381469727,10.880000114440918,339300,0.0,0.0
2021-05-21 00:00:00-04:00,10.880000114440918,10.880000114440918,10.744000434875488,10.829999923706055,294300,0.0,0.0
2021-05-24 00:00:00-04:00,10.930000305175781,11.609999656677246,10.770000457763672,11.170000076293945,422600,0.0,0.0
2021-05-25 00:00:00-04:00,11.199999809265137,11.800000190734863,11.149999618530273,11.789999961853027,929100,0.0,0.0
2021-05-26 00:00:00-04:00,11.996000289916992,12.350000381469727,11.720000267028809,12.0,796700,0.0,0.0
2021-05-27 00:00:00-04:00,13.23799991607666,13.246999740600586,12.3100004196167,12.520000457763672,1280100,0.0,0.0
2021-05-28 00:00:00-04:00,12.569999694824219,12.899999618530273,12.357000350952148,12.640000343322754,392700,0.0,0.0
2021-06-01 00:00:00-04:00,12.710000038146973,12.800000190734863,12.130000114440918,12.289999961853027,541400,0.0,0.0
2021-06-02 00:00:00-04:00,12.579999923706055,13.039999961853027,12.274999618530273,12.699999809265137,488100,0.0,0.0
2021-06-03 00:00:00-04:00,12.649999618530273,13.479999542236328,12.399999618530273,13.220000267028809,1016800,0.0,0.0
2021-06-04 00:00:00-04:00,13.34000015258789,14.100000381469727,13.34000015258789,14.020000457763672,1048500,0.0,0.0
2021-06-07 00:00:00-04:00,13.979999542236328,14.630000114440918,13.239999771118164,13.510000228881836,1520600,0.0,0.0
2021-06-08 00:00:00-04:00,13.640000343322754,13.9399995803833,13.09000015258789,13.380000114440918,538700,0.0,0.0
2021-06-09 00:00:00-04:00,13.75,13.880000114440918,12.819999694824219,13.380000114440918,736100,0.0,0.0
2021-06-10 00:00:00-04:00,13.380000114440918,13.75,12.949999809265137,13.640000343322754,478000,0.0,0.0
2021-06-11 00:00:00-04:00,13.649999618530273,13.8100004196167,13.425000190734863,13.720000267028809,248800,0.0,0.0
2021-06-14 00:00:00-04:00,13.600000381469727,14.130000114440918,13.109999656677246,13.239999771118164,455500,0.0,0.0
2021-06-15 00:00:00-04:00,13.319999694824219,13.470000267028809,13.100000381469727,13.25,352200,0.0,0.0
2021-06-16 00:00:00-04:00,13.100000381469727,13.173999786376953,12.65999984741211,12.84000015258789,419000,0.0,0.0
2021-06-17 00:00:00-04:00,12.640000343322754,12.770000457763672,12.449999809265137,12.569999694824219,511300,0.0,0.0
2021-06-18 00:00:00-04:00,12.600000381469727,12.83899974822998,12.460000038146973,12.550000190734863,336400,0.0,0.0
2021-06-21 00:00:00-04:00,12.609999656677246,14.170000076293945,12.15999984741211,13.430000305175781,875100,0.0,0.0
2021-06-22 00:00:00-04:00,14.0,14.0,13.520000457763672,13.75,449300,0.0,0.0
2021-06-23 00:00:00-04:00,13.949999809265137,15.220000267028809,13.949999809265137,14.890000343322754,1065600,0.0,0.0
2021-06-24 00:00:00-04:00,15.399999618530273,16.3799991607666,14.449999809265137,14.920000076293945,2170400,0.0,0.0
2021-06-25 00:00:00-04:00,17.229999542236328,17.479999542236328,15.25,15.960000038146973,3359500,0.0,0.0
2021-06-28 00:00:00-04:00,16.690000534057617,17.100000381469727,16.020000457763672,16.540000915527344,1644600,0.0,0.0
2021-06-29 00:00:00-04:00,16.200000762939453,16.290000915527344,15.529999732971191,15.869999885559082,1247500,0.0,0.0
2021-06-30 00:00:00-04:00,15.739999771118164,15.949999809265137,15.449999809265137,15.579999923706055,844600,0.0,0.0
2021-07-01 00:00:00-04:00,15.779999732971191,16.469999313354492,15.5,15.630000114440918,536800,0.0,0.0
2021-07-02 00:00:00-04:00,15.75,15.899999618530273,14.8100004196167,14.859999656677246,643100,0.0,0.0
2021-07-06 00:00:00-04:00,14.75,15.529999732971191,14.210000038146973,14.5600004196167,841100,0.0,0.0
2021-07-07 00:00:00-04:00,15.100000381469727,15.149999618530273,14.5649995803833,14.8100004196167,410100,0.0,0.0
2021-07-08 00:00:00-04:00,14.449999809265137,15.319999694824219,14.279999732971191,14.619999885559082,919800,0.0,0.0
2021-07-09 00:00:00-04:00,14.949999809265137,15.170000076293945,14.609999656677246,15.039999961853027,784000,0.0,0.0
2021-07-12 00:00:00-04:00,15.100000381469727,15.10200023651123,14.399999618530273,14.420000076293945,751100,0.0,0.0
2021-07-13 00:00:00-04:00,14.430000305175781,14.739999771118164,13.079999923706055,13.880000114440918,1498600,0.0,0.0
2021-07-14 00:00:00-04:00,13.699999809265137,13.864999771118164,13.100000381469727,13.270000457763672,968400,0.0,0.0
2021-07-15 00:00:00-04:00,13.329999923706055,13.760000228881836,12.175000190734863,12.399999618530273,1435700,0.0,0.0
2021-07-16 00:00:00-04:00,12.600000381469727,13.880000114440918,12.600000381469727,13.260000228881836,1357600,0.0,0.0
2021-07-19 00:00:00-04:00,14.020000457763672,14.399999618530273,13.3149995803833,13.619999885559082,1618800,0.0,0.0
2021-07-20 00:00:00-04:00,14.1899995803833,14.1899995803833,13.65999984741211,13.829999923706055,936400,0.0,0.0
2021-07-21 00:00:00-04:00,14.329999923706055,14.6899995803833,13.699999809265137,13.779999732971191,1401900,0.0,0.0
2021-07-22 00:00:00-04:00,16.84000015258789,17.0,12.90999984741211,13.979999542236328,9268200,0.0,0.0
2021-07-23 00:00:00-04:00,13.050000190734863,15.029999732971191,12.520000457763672,14.819999694824219,6498000,0.0,0.0
2021-07-26 00:00:00-04:00,14.550000190734863,14.65999984741211,13.449999809265137,13.800000190734863,3846500,0.0,0.0
2021-07-27 00:00:00-04:00,13.680000305175781,13.75,10.239999771118164,11.449999809265137,6450700,0.0,0.0
2021-07-28 00:00:00-04:00,11.90999984741211,12.460000038146973,11.149999618530273,12.180000305175781,3509200,0.0,0.0
2021-07-29 00:00:00-04:00,12.5,12.510000228881836,11.600000381469727,11.699999809265137,1322100,0.0,0.0
2021-07-30 00:00:00-04:00,11.657999992370605,12.4399995803833,11.657999992370605,12.079999923706055,1844500,0.0,0.0
2021-08-02 00:00:00-04:00,12.100000381469727,13.579999923706055,11.710000038146973,13.399999618530273,2660800,0.0,0.0
2021-08-03 00:00:00-04:00,13.09000015258789,13.28499984741211,12.029999732971191,12.229999542236328,1962000,0.0,0.0
2021-08-04 00:00:00-04:00,12.270000457763672,12.555000305175781,12.0,12.430000305175781,928800,0.0,0.0
2021-08-05 00:00:00-04:00,12.369999885559082,12.670000076293945,12.180000305175781,12.260000228881836,885400,0.0,0.0
2021-08-06 00:00:00-04:00,12.199999809265137,12.420000076293945,11.739999771118164,11.880000114440918,896200,0.0,0.0
2021-08-09 00:00:00-04:00,11.880000114440918,12.170000076293945,11.680999755859375,11.890000343322754,904800,0.0,0.0
2021-08-10 00:00:00-04:00,11.899999618530273,12.640000343322754,11.741999626159668,12.600000381469727,1528500,0.0,0.0
2021-08-11 00:00:00-04:00,12.399999618530273,12.600000381469727,11.8100004196167,12.170000076293945,1535000,0.0,0.0
2021-08-12 00:00:00-04:00,11.904999732971191,11.9399995803833,11.229999542236328,11.359999656677246,1669000,0.0,0.0
2021-08-13 00:00:00-04:00,11.359999656677246,11.680000305175781,10.800000190734863,10.949999809265137,1512100,0.0,0.0
2021-08-16 00:00:00-04:00,10.75,10.75,9.5,9.920000076293945,3748800,0.0,0.0
2021-08-17 00:00:00-04:00,10.373000144958496,10.479999542236328,9.630000114440918,10.479999542236328,4085700,0.0,0.0
2021-08-18 00:00:00-04:00,10.5,10.539999961853027,10.100000381469727,10.1899995803833,1185700,0.0,0.0
2021-08-19 00:00:00-04:00,10.0,10.149999618530273,9.420000076293945,9.449999809265137,1356100,0.0,0.0
2021-08-20 00:00:00-04:00,9.5649995803833,9.800000190734863,9.149999618530273,9.220000267028809,1628100,0.0,0.0
2021-08-23 00:00:00-04:00,9.180000305175781,9.390000343322754,8.880000114440918,9.079999923706055,1966700,0.0,0.0
2021-08-24 00:00:00-04:00,9.329999923706055,9.880000114440918,9.149999618530273,9.729999542236328,1537800,0.0,0.0
2021-08-25 00:00:00-04:00,9.609999656677246,9.789999961853027,9.199999809265137,9.210000038146973,1218900,0.0,0.0
2021-08-26 00:00:00-04:00,9.149999618530273,9.5,8.699999809265137,8.979999542236328,1559000,0.0,0.0
2021-08-27 00:00:00-04:00,9.199999809265137,9.890000343322754,9.199999809265137,9.510000228881836,2400400,0.0,0.0
2021-08-30 00:00:00-04:00,9.600000381469727,9.850000381469727,9.260000228881836,9.5,1167700,0.0,0.0
2021-08-31 00:00:00-04:00,9.539999961853027,10.119999885559082,9.5,10.09000015258789,1415500,0.0,0.0
2021-09-01 00:00:00-04:00,9.90999984741211,10.15999984741211,9.65999984741211,10.100000381469727,1504400,0.0,0.0
2021-09-02 00:00:00-04:00,10.010000228881836,10.289999961853027,9.720000267028809,9.84000015258789,1966800,0.0,0.0
2021-09-03 00:00:00-04:00,9.880000114440918,10.970000267028809,9.720000267028809,10.84000015258789,4006800,0.0,0.0
2021-09-07 00:00:00-04:00,11.0,11.0,9.149999618530273,9.180000305175781,6490900,0.0,0.0
2021-09-08 00:00:00-04:00,9.300000190734863,9.439000129699707,8.899999618530273,8.930000305175781,2267000,0.0,0.0
2021-09-09 00:00:00-04:00,9.15999984741211,9.380000114440918,9.029999732971191,9.199999809265137,1520900,0.0,0.0
2021-09-10 00:00:00-04:00,9.25,9.34000015258789,8.949999809265137,8.960000038146973,1214600,0.0,0.0
2021-09-13 00:00:00-04:00,8.960000038146973,9.140000343322754,8.800000190734863,9.130000114440918,1701000,0.0,0.0
2021-09-14 00:00:00-04:00,9.010000228881836,9.404999732971191,8.899999618530273,9.100000381469727,1641800,0.0,0.0
2021-09-15 00:00:00-04:00,9.029999732971191,9.460000038146973,9.029999732971191,9.260000228881836,1806700,0.0,0.0
2021-09-16 00:00:00-04:00,9.34000015258789,10.199999809265137,9.329999923706055,10.020000457763672,3043200,0.0,0.0
2021-09-17 00:00:00-04:00,10.119999885559082,10.90999984741211,9.829999923706055,10.789999961853027,10569500,0.0,0.0
2021-09-20 00:00:00-04:00,10.350000381469727,10.640000343322754,10.100000381469727,10.369999885559082,3352900,0.0,0.0
2021-09-21 00:00:00-04:00,10.550000190734863,11.5,10.399999618530273,10.479999542236328,3300600,0.0,0.0
2021-09-22 00:00:00-04:00,11.029999732971191,11.239999771118164,10.479999542236328,10.550000190734863,2512200,0.0,0.0
2021-09-23 00:00:00-04:00,10.593999862670898,10.720000267028809,10.375,10.670000076293945,1494200,0.0,0.0
2021-09-24 00:00:00-04:00,10.649999618530273,11.199999809265137,10.630000114440918,11.140000343322754,2764000,0.0,0.0
2021-09-27 00:00:00-04:00,11.0,11.050000190734863,10.010000228881836,10.170000076293945,2357700,0.0,0.0
2021-09-28 00:00:00-04:00,10.039999961853027,10.15999984741211,9.949999809265137,10.010000228881836,1407600,0.0,0.0
2021-09-29 00:00:00-04:00,10.020000457763672,10.029999732971191,9.3100004196167,9.5,1532700,0.0,0.0
2021-09-30 00:00:00-04:00,9.579999923706055,9.600000381469727,9.329999923706055,9.4399995803833,709200,0.0,0.0
2021-10-01 00:00:00-04:00,9.4399995803833,9.5,8.875,9.039999961853027,1727400,0.0,0.0
2021-10-04 00:00:00-04:00,9.079999923706055,9.170000076293945,8.800000190734863,8.8100004196167,1250400,0.0,0.0
2021-10-05 00:00:00-04:00,8.800000190734863,9.029999732971191,8.079999923706055,8.1899995803833,2360700,0.0,0.0
2021-10-06 00:00:00-04:00,8.170000076293945,8.170000076293945,7.400000095367432,7.650000095367432,3406000,0.0,0.0
2021-10-07 00:00:00-04:00,7.599999904632568,8.470000267028809,7.46999979019165,8.399999618530273,3028400,0.0,0.0
2021-10-08 00:00:00-04:00,8.300000190734863,8.319999694824219,7.840000152587891,8.050000190734863,1572000,0.0,0.0
2021-10-11 00:00:00-04:00,7.940000057220459,8.5,7.920000076293945,8.229999542236328,1231800,0.0,0.0
2021-10-12 00:00:00-04:00,8.15999984741211,8.420000076293945,7.909999847412109,8.359999656677246,942300,0.0,0.0
2021-10-13 00:00:00-04:00,8.170000076293945,8.420000076293945,7.932000160217285,8.260000228881836,1331000,0.0,0.0
2021-10-14 00:00:00-04:00,8.100000381469727,8.3100004196167,8.100000381469727,8.25,687400,0.0,0.0
2021-10-15 00:00:00-04:00,8.510000228881836,8.949999809265137,8.350000381469727,8.789999961853027,1888600,0.0,0.0
2021-10-18 00:00:00-04:00,8.770000457763672,9.449999809265137,8.720000267028809,9.109999656677246,1765300,0.0,0.0
2021-10-19 00:00:00-04:00,9.289999961853027,9.4399995803833,9.199999809265137,9.319999694824219,792800,0.0,0.0
2021-10-20 00:00:00-04:00,9.359999656677246,9.640000343322754,9.279999732971191,9.550000190734863,1128600,0.0,0.0
2021-10-21 00:00:00-04:00,9.550000190734863,9.710000038146973,8.895000457763672,9.039999961853027,1702700,0.0,0.0
2021-10-22 00:00:00-04:00,8.819999694824219,9.53499984741211,8.819999694824219,8.989999771118164,1747300,0.0,0.0
2021-10-25 00:00:00-04:00,8.90999984741211,9.050000190734863,8.6899995803833,9.020000457763672,1413500,0.0,0.0
2021-10-26 00:00:00-04:00,8.90999984741211,8.944999694824219,8.380000114440918,8.5600004196167,2104000,0.0,0.0
2021-10-27 00:00:00-04:00,8.5,8.694999694824219,8.069999694824219,8.1899995803833,1594300,0.0,0.0
2021-10-28 00:00:00-04:00,8.25,9.170000076293945,8.010000228881836,9.069999694824219,2698900,0.0,0.0
2021-10-29 00:00:00-04:00,8.819999694824219,9.100000381469727,8.539999961853027,8.579999923706055,1147500,0.0,0.0
2021-11-01 00:00:00-04:00,8.859999656677246,9.137999534606934,8.630000114440918,8.829999923706055,1720300,0.0,0.0
2021-11-02 00:00:00-04:00,8.699999809265137,8.76200008392334,8.119999885559082,8.640000343322754,2478400,0.0,0.0
2021-11-03 00:00:00-04:00,8.520000457763672,9.069999694824219,8.520000457763672,8.5600004196167,1409000,0.0,0.0
2021-11-04 00:00:00-04:00,8.670000076293945,8.694999694824219,8.229999542236328,8.359999656677246,1615000,0.0,0.0
2021-11-05 00:00:00-04:00,8.460000038146973,8.75,8.109999656677246,8.720000267028809,1968500,0.0,0.0
2021-11-08 00:00:00-05:00,8.890000343322754,8.979999542236328,8.5,8.520000457763672,1550400,0.0,0.0
2021-11-09 00:00:00-05:00,8.649999618530273,8.720000267028809,8.1899995803833,8.390000343322754,1624700,0.0,0.0
2021-11-10 00:00:00-05:00,8.329999923706055,8.779999732971191,8.109999656677246,8.470000267028809,1858300,0.0,0.0
2021-11-11 00:00:00-05:00,8.520000457763672,8.829999923706055,8.449999809265137,8.489999771118164,1335300,0.0,0.0
2021-11-12 00:00:00-05:00,8.579999923706055,8.979999542236328,8.420000076293945,8.5,2441800,0.0,0.0
2021-11-15 00:00:00-05:00,8.569999694824219,9.220000267028809,8.420000076293945,9.109999656677246,3946400,0.0,0.0
2021-11-16 00:00:00-05:00,8.550000190734863,9.0600004196167,8.529999732971191,8.829999923706055,3087400,0.0,0.0
2021-11-17 00:00:00-05:00,8.789999961853027,8.789999961853027,8.279999732971191,8.4399995803833,2222700,0.0,0.0
2021-11-18 00:00:00-05:00,8.40999984741211,8.649999618530273,8.0,8.15999984741211,2246900,0.0,0.0
2021-11-19 00:00:00-05:00,8.140000343322754,8.300000190734863,7.744999885559082,7.880000114440918,2302600,0.0,0.0
2021-11-22 00:00:00-05:00,7.96999979019165,7.96999979019165,7.070000171661377,7.170000076293945,3437100,0.0,0.0
2021-11-23 00:00:00-05:00,7.199999809265137,7.234000205993652,6.400000095367432,6.570000171661377,4233100,0.0,0.0
2021-11-24 00:00:00-05:00,6.239999771118164,6.610000133514404,5.860000133514404,6.349999904632568,4963100,0.0,0.0
2021-11-26 00:00:00-05:00,6.019999980926514,6.230000019073486,5.880000114440918,6.170000076293945,1978800,0.0,0.0
2021-11-29 00:00:00-05:00,6.525000095367432,6.559999942779541,6.099999904632568,6.119999885559082,2067500,0.0,0.0
2021-11-30 00:00:00-05:00,6.039999961853027,6.260000228881836,5.699999809265137,6.150000095367432,4193900,0.0,0.0
2021-12-01 00:00:00-05:00,6.110000133514404,6.760000228881836,5.96999979019165,6.579999923706055,2518400,0.0,0.0
2021-12-02 00:00:00-05:00,6.489999771118164,6.650000095367432,6.230000019073486,6.579999923706055,1562200,0.0,0.0
2021-12-03 00:00:00-05:00,6.449999809265137,6.539999961853027,5.659999847412109,5.710000038146973,2456600,0.0,0.0
2021-12-06 00:00:00-05:00,5.510000228881836,5.550000190734863,5.0,5.28000020980835,3111400,0.0,0.0
2021-12-07 00:00:00-05:00,5.360000133514404,5.699999809265137,5.360000133514404,5.559999942779541,1582800,0.0,0.0
2021-12-08 00:00:00-05:00,5.570000171661377,5.820000171661377,5.28000020980835,5.659999847412109,1320700,0.0,0.0
2021-12-09 00:00:00-05:00,5.659999847412109,5.659999847412109,5.340000152587891,5.510000228881836,1129600,0.0,0.0
2021-12-10 00:00:00-05:00,5.449999809265137,5.769999980926514,5.21999979019165,5.409999847412109,1168800,0.0,0.0
2021-12-13 00:00:00-05:00,5.380000114440918,5.380000114440918,4.78000020980835,4.880000114440918,2474300,0.0,0.0
2021-12-14 00:00:00-05:00,4.800000190734863,5.0,4.690000057220459,4.989999771118164,1319300,0.0,0.0
2021-12-15 00:00:00-05:00,4.989999771118164,5.0,4.510000228881836,4.690000057220459,2039300,0.0,0.0
2021-12-16 00:00:00-05:00,4.739999771118164,4.989999771118164,4.650000095367432,4.789999961853027,1889000,0.0,0.0
2021-12-17 00:00:00-05:00,4.760000228881836,5.550000190734863,4.699999809265137,5.289999961853027,2805200,0.0,0.0
2021-12-20 00:00:00-05:00,5.179999828338623,5.236000061035156,4.769999980926514,4.789999961853027,1549300,0.0,0.0
2021-12-21 00:00:00-05:00,4.900000095367432,5.090000152587891,4.789999961853027,4.789999961853027,1351100,0.0,0.0
2021-12-22 00:00:00-05:00,4.860000133514404,5.099999904632568,4.760000228881836,5.059999942779541,1077700,0.0,0.0
2021-12-23 00:00:00-05:00,5.059999942779541,5.260000228881836,5.03000020980835,5.119999885559082,698800,0.0,0.0
2021-12-27 00:00:00-05:00,5.130000114440918,5.189000129699707,4.829999923706055,4.849999904632568,855500,0.0,0.0
2021-12-28 00:00:00-05:00,4.900000095367432,5.050000190734863,4.829999923706055,4.949999809265137,994600,0.0,0.0
2021-12-29 00:00:00-05:00,4.900000095367432,4.954999923706055,4.763000011444092,4.840000152587891,891700,0.0,0.0
2021-12-30 00:00:00-05:00,4.840000152587891,5.239999771118164,4.8379998207092285,5.170000076293945,722500,0.0,0.0
2021-12-31 00:00:00-05:00,5.079999923706055,5.340000152587891,5.050000190734863,5.320000171661377,790200,0.0,0.0
2022-01-03 00:00:00-05:00,5.420000076293945,6.46999979019165,5.21999979019165,6.059999942779541,1884000,0.0,0.0
2022-01-04 00:00:00-05:00,6.046999931335449,6.059999942779541,5.679999828338623,5.75,962800,0.0,0.0
2022-01-05 00:00:00-05:00,5.679999828338623,6.0,5.630000114440918,5.710000038146973,506300,0.0,0.0
2022-01-06 00:00:00-05:00,5.710000038146973,5.800000190734863,5.364999771118164,5.630000114440918,540300,0.0,0.0
2022-01-07 00:00:00-05:00,5.670000076293945,5.849999904632568,5.329999923706055,5.360000133514404,673700,0.0,0.0
2022-01-10 00:00:00-05:00,5.340000152587891,5.355000019073486,5.070000171661377,5.139999866485596,890500,0.0,0.0
2022-01-11 00:00:00-05:00,5.079999923706055,5.289999961853027,5.019999980926514,5.150000095367432,1369200,0.0,0.0
2022-01-12 00:00:00-05:00,5.28000020980835,5.690000057220459,5.099999904632568,5.46999979019165,1390400,0.0,0.0
2022-01-13 00:00:00-05:00,5.420000076293945,5.550000190734863,5.150000095367432,5.320000171661377,1392600,0.0,0.0
2022-01-14 00:00:00-05:00,5.210000038146973,5.849999904632568,5.210000038146973,5.650000095367432,2089100,0.0,0.0
2022-01-18 00:00:00-05:00,5.5,5.650000095367432,5.099999904632568,5.150000095367432,972600,0.0,0.0
2022-01-19 00:00:00-05:00,5.230000019073486,5.460000038146973,5.019999980926514,5.03000020980835,831300,0.0,0.0
2022-01-20 00:00:00-05:00,5.139999866485596,5.460000038146973,4.940000057220459,5.0,1516800,0.0,0.0
2022-01-21 00:00:00-05:00,5.179999828338623,5.179999828338623,4.670000076293945,4.710000038146973,1534400,0.0,0.0
2022-01-24 00:00:00-05:00,4.531000137329102,4.610000133514404,3.869999885559082,4.489999771118164,2698400,0.0,0.0
2022-01-25 00:00:00-05:00,4.289999961853027,4.559999942779541,4.260000228881836,4.5,707900,0.0,0.0
2022-01-26 00:00:00-05:00,4.570000171661377,4.980000019073486,4.53000020980835,4.579999923706055,1097700,0.0,0.0
2022-01-27 00:00:00-05:00,4.5,4.574999809265137,4.119999885559082,4.195000171661377,1078000,0.0,0.0
2022-01-28 00:00:00-05:00,4.130000114440918,4.235000133514404,3.809999942779541,3.8499999046325684,1530000,0.0,0.0
2022-01-31 00:00:00-05:00,3.7100000381469727,4.289999961853027,3.7100000381469727,4.28000020980835,1889900,0.0,0.0
2022-02-01 00:00:00-05:00,4.230000019073486,4.559999942779541,4.179999828338623,4.559999942779541,965800,0.0,0.0
2022-02-02 00:00:00-05:00,4.635000228881836,4.635000228881836,4.099999904632568,4.21999979019165,1949800,0.0,0.0
2022-02-03 00:00:00-05:00,4.03000020980835,4.309999942779541,4.013999938964844,4.099999904632568,1096300,0.0,0.0
2022-02-04 00:00:00-05:00,4.070000171661377,4.489999771118164,4.059999942779541,4.320000171661377,1075500,0.0,0.0
2022-02-07 00:00:00-05:00,4.300000190734863,4.449999809265137,4.059999942779541,4.079999923706055,1456400,0.0,0.0
2022-02-08 00:00:00-05:00,4.090000152587891,4.324999809265137,4.019999980926514,4.239999771118164,913700,0.0,0.0
2022-02-09 00:00:00-05:00,4.260000228881836,4.480000019073486,4.260000228881836,4.389999866485596,1622200,0.0,0.0
2022-02-10 00:00:00-05:00,4.271999835968018,4.614999771118164,4.25,4.389999866485596,1181700,0.0,0.0
2022-02-11 00:00:00-05:00,4.380000114440918,4.789999961853027,4.380000114440918,4.590000152587891,1553600,0.0,0.0
2022-02-14 00:00:00-05:00,4.559999942779541,4.623000144958496,4.159999847412109,4.25,1516800,0.0,0.0
2022-02-15 00:00:00-05:00,4.349999904632568,4.760000228881836,4.300000190734863,4.75,1147800,0.0,0.0
2022-02-16 00:00:00-05:00,4.610000133514404,4.920000076293945,4.590000152587891,4.860000133514404,753500,0.0,0.0
2022-02-17 00:00:00-05:00,5.138000011444092,5.619999885559082,4.820000171661377,5.019999980926514,4325300,0.0,0.0
2022-02-18 00:00:00-05:00,4.980000019073486,5.335000038146973,4.849999904632568,4.920000076293945,1779000,0.0,0.0
2022-02-22 00:00:00-05:00,4.998000144958496,5.570000171661377,4.920000076293945,5.059999942779541,3030400,0.0,0.0
2022-02-23 00:00:00-05:00,5.309999942779541,5.309999942779541,4.639999866485596,4.739999771118164,2793700,0.0,0.0
2022-02-24 00:00:00-05:00,4.570000171661377,5.21999979019165,4.420000076293945,5.21999979019165,2619800,0.0,0.0
2022-02-25 00:00:00-05:00,5.119999885559082,5.489999771118164,4.955999851226807,5.480000019073486,1773500,0.0,0.0
2022-02-28 00:00:00-05:00,5.409999847412109,5.820000171661377,5.389999866485596,5.75,1640800,0.0,0.0
2022-03-01 00:00:00-05:00,5.690000057220459,5.760000228881836,5.230000019073486,5.429999828338623,1385600,0.0,0.0
2022-03-02 00:00:00-05:00,5.300000190734863,5.388999938964844,5.159999847412109,5.260000228881836,1139700,0.0,0.0
2022-03-03 00:00:00-05:00,5.369999885559082,5.510000228881836,4.78000020980835,4.880000114440918,1483900,0.0,0.0
2022-03-04 00:00:00-05:00,4.769999980926514,5.079999923706055,4.690000057220459,4.760000228881836,1430600,0.0,0.0
2022-03-07 00:00:00-05:00,4.800000190734863,5.894999980926514,4.599999904632568,5.659999847412109,4186400,0.0,0.0
2022-03-08 00:00:00-05:00,5.519999980926514,5.539999961853027,5.110000133514404,5.21999979019165,2206600,0.0,0.0
2022-03-09 00:00:00-05:00,5.449999809265137,5.71999979019165,5.309999942779541,5.619999885559082,1900300,0.0,0.0
2022-03-10 00:00:00-05:00,5.480000019073486,5.800000190734863,5.340000152587891,5.769999980926514,2119200,0.0,0.0
2022-03-11 00:00:00-05:00,5.710000038146973,6.21999979019165,5.244999885559082,5.449999809265137,3486700,0.0,0.0
2022-03-14 00:00:00-04:00,5.258999824523926,5.260000228881836,3.940000057220459,3.9800000190734863,6219100,0.0,0.0
2022-03-15 00:00:00-04:00,4.019999980926514,4.230000019073486,3.859999895095825,4.039999961853027,2133700,0.0,0.0
2022-03-16 00:00:00-04:00,4.480000019073486,4.5289998054504395,4.099999904632568,4.309999942779541,4663700,0.0,0.0
2022-03-17 00:00:00-04:00,4.369999885559082,4.849999904632568,4.34499979019165,4.739999771118164,4551000,0.0,0.0
2022-03-18 00:00:00-04:00,4.679999828338623,4.960000038146973,4.590000152587891,4.909999847412109,4032800,0.0,0.0
2022-03-21 00:00:00-04:00,4.886000156402588,5.260000228881836,4.829999923706055,5.099999904632568,3482200,0.0,0.0
2022-03-22 00:00:00-04:00,5.269999980926514,5.809000015258789,5.090000152587891,5.639999866485596,3649300,0.0,0.0
2022-03-23 00:00:00-04:00,5.519999980926514,5.760000228881836,5.300000190734863,5.400000095367432,1567200,0.0,0.0
2022-03-24 00:00:00-04:00,5.449999809265137,5.96999979019165,5.449999809265137,5.679999828338623,1427900,0.0,0.0
2022-03-25 00:00:00-04:00,5.570000171661377,5.670000076293945,5.400000095367432,5.510000228881836,1090900,0.0,0.0
2022-03-28 00:00:00-04:00,5.539999961853027,5.679999828338623,5.380000114440918,5.570000171661377,1251100,0.0,0.0
2022-03-29 00:00:00-04:00,5.579999923706055,5.900000095367432,5.525000095367432,5.699999809265137,1113900,0.0,0.0
2022-03-30 00:00:00-04:00,5.829999923706055,5.829999923706055,5.079999923706055,5.159999847412109,2678300,0.0,0.0
2022-03-31 00:00:00-04:00,4.989999771118164,5.059999942779541,4.489999771118164,4.989999771118164,2187500,0.0,0.0
2022-04-01 00:00:00-04:00,5.0,5.150000095367432,4.800000190734863,4.909999847412109,969500,0.0,0.0
2022-04-04 00:00:00-04:00,4.940000057220459,5.0,4.610000133514404,4.949999809265137,1257300,0.0,0.0
2022-04-05 00:00:00-04:00,4.900000095367432,4.900000095367432,4.380000114440918,4.53000020980835,2156900,0.0,0.0
2022-04-06 00:00:00-04:00,4.429999828338623,4.479000091552734,4.204999923706055,4.239999771118164,1570900,0.0,0.0
2022-04-07 00:00:00-04:00,4.199999809265137,4.300000190734863,4.079999923706055,4.190000057220459,1977600,0.0,0.0
2022-04-08 00:00:00-04:00,4.059999942779541,4.420000076293945,4.059999942779541,4.239999771118164,1510400,0.0,0.0
2022-04-11 00:00:00-04:00,4.079999923706055,4.409999847412109,4.019999980926514,4.289999961853027,1009800,0.0,0.0
2022-04-12 00:00:00-04:00,4.360000133514404,4.550000190734863,4.309999942779541,4.46999979019165,1584200,0.0,0.0
2022-04-13 00:00:00-04:00,4.489999771118164,4.619999885559082,4.380000114440918,4.619999885559082,1158100,0.0,0.0
2022-04-14 00:00:00-04:00,4.570000171661377,4.579999923706055,4.400000095367432,4.5,991100,0.0,0.0
2022-04-18 00:00:00-04:00,4.380000114440918,4.53000020980835,4.230000019073486,4.28000020980835,971600,0.0,0.0
2022-04-19 00:00:00-04:00,4.300000190734863,4.505000114440918,4.210000038146973,4.480000019073486,1013000,0.0,0.0
2022-04-20 00:00:00-04:00,4.5,4.559999942779541,4.389999866485596,4.449999809265137,1516100,0.0,0.0
2022-04-21 00:00:00-04:00,4.5,4.5,3.859999895095825,3.880000114440918,2693500,0.0,0.0
2022-04-22 00:00:00-04:00,3.9600000381469727,3.9800000190734863,3.700000047683716,3.759999990463257,1817300,0.0,0.0
2022-04-25 00:00:00-04:00,3.6500000953674316,3.744999885559082,3.5399999618530273,3.559999942779541,1980100,0.0,0.0
2022-04-26 00:00:00-04:00,3.640000104904175,3.640000104904175,1.850000023841858,3.0999999046325684,16978400,0.0,0.0
2022-04-27 00:00:00-04:00,2.880000114440918,3.109999895095825,2.869999885559082,2.990000009536743,2428400,0.0,0.0
2022-04-28 00:00:00-04:00,3.0799999237060547,3.0799999237060547,2.6600000858306885,2.869999885559082,1978800,0.0,0.0
2022-04-29 00:00:00-04:00,2.8499999046325684,3.0,2.515000104904175,2.5799999237060547,2392100,0.0,0.0
2022-05-02 00:00:00-04:00,2.5299999713897705,2.7100000381469727,2.494999885559082,2.619999885559082,1877000,0.0,0.0
2022-05-03 00:00:00-04:00,2.5799999237060547,2.6500000953674316,2.4100000858306885,2.440000057220459,2385300,0.0,0.0
2022-05-04 00:00:00-04:00,2.4200000762939453,2.559999942779541,2.259999990463257,2.549999952316284,3058100,0.0,0.0
2022-05-05 00:00:00-04:00,2.5299999713897705,2.569999933242798,2.25,2.299999952316284,3052300,0.0,0.0
2022-05-06 00:00:00-04:00,2.2699999809265137,2.5399999618530273,2.119999885559082,2.369999885559082,4341200,0.0,0.0
2022-05-09 00:00:00-04:00,2.4100000858306885,2.430000066757202,1.9900000095367432,1.9900000095367432,4525100,0.0,0.0
2022-05-10 00:00:00-04:00,2.059999942779541,2.140000104904175,1.7599999904632568,1.809999942779541,6350000,0.0,0.0
2022-05-11 00:00:00-04:00,1.7999999523162842,2.0199999809265137,1.659999966621399,1.7200000286102295,4017800,0.0,0.0
2022-05-12 00:00:00-04:00,1.7200000286102295,2.0950000286102295,1.649999976158142,2.0299999713897705,4471000,0.0,0.0
2022-05-13 00:00:00-04:00,2.069999933242798,2.4800000190734863,2.069999933242798,2.4600000381469727,4153700,0.0,0.0
2022-05-16 00:00:00-04:00,2.759999990463257,3.2899999618530273,2.4749999046325684,2.5199999809265137,12396500,0.0,0.0
2022-05-17 00:00:00-04:00,2.5899999141693115,2.8949999809265137,2.565000057220459,2.859999895095825,4433700,0.0,0.0
2022-05-18 00:00:00-04:00,2.7899999618530273,3.3499999046325684,2.7799999713897705,3.119999885559082,6679200,0.0,0.0
2022-05-19 00:00:00-04:00,3.2899999618530273,3.299999952316284,2.8299999237060547,2.8399999141693115,4229900,0.0,0.0
2022-05-20 00:00:00-04:00,2.990000009536743,3.0,2.7049999237060547,2.7799999713897705,2461500,0.0,0.0
2022-05-23 00:00:00-04:00,2.809999942779541,2.809999942779541,2.609999895095825,2.640000104904175,1968300,0.0,0.0
2022-05-24 00:00:00-04:00,2.630000114440918,2.680000066757202,2.319999933242798,2.5999999046325684,3144800,0.0,0.0
2022-05-25 00:00:00-04:00,2.690000057220459,3.055000066757202,2.619999885559082,3.0,2484500,0.0,0.0
2022-05-26 00:00:00-04:00,2.940000057220459,3.380000114440918,2.930000066757202,3.049999952316284,2676800,0.0,0.0
2022-05-27 00:00:00-04:00,3.119999885559082,3.259999990463257,3.059999942779541,3.190000057220459,2034900,0.0,0.0
2022-05-31 00:00:00-04:00,3.25,3.359999895095825,3.0899999141693115,3.299999952316284,2181800,0.0,0.0
2022-06-01 00:00:00-04:00,3.1600000858306885,3.5299999713897705,3.130000114440918,3.1500000953674316,2538700,0.0,0.0
2022-06-02 00:00:00-04:00,3.190000057220459,3.5199999809265137,3.131999969482422,3.4200000762939453,2508600,0.0,0.0
2022-06-03 00:00:00-04:00,3.3299999237060547,3.4600000381469727,3.1500000953674316,3.190000057220459,1239100,0.0,0.0
2022-06-06 00:00:00-04:00,3.299999952316284,3.325000047683716,2.8499999046325684,2.869999885559082,3048200,0.0,0.0
2022-06-07 00:00:00-04:00,2.9149999618530273,2.930000066757202,2.5299999713897705,2.7200000286102295,3475900,0.0,0.0
2022-06-08 00:00:00-04:00,2.75,2.9709999561309814,2.75,2.859999895095825,1905800,0.0,0.0
2022-06-09 00:00:00-04:00,2.809999942779541,2.950000047683716,2.75,2.819999933242798,1731900,0.0,0.0
2022-06-10 00:00:00-04:00,2.6700000762939453,2.749000072479248,2.559999942779541,2.559999942779541,1886500,0.0,0.0
2022-06-13 00:00:00-04:00,2.5,2.509999990463257,2.2699999809265137,2.2799999713897705,2522600,0.0,0.0
2022-06-14 00:00:00-04:00,2.369999885559082,2.4000000953674316,2.259999990463257,2.3499999046325684,1702200,0.0,0.0
2022-06-15 00:00:00-04:00,2.4000000953674316,2.5999999046325684,2.2899999618530273,2.5,4149700,0.0,0.0
2022-06-16 00:00:00-04:00,2.4600000381469727,2.4600000381469727,2.2699999809265137,2.2699999809265137,3096600,0.0,0.0
2022-06-17 00:00:00-04:00,2.440000057220459,2.549999952316284,2.3499999046325684,2.5,5313500,0.0,0.0
2022-06-21 00:00:00-04:00,2.569999933242798,2.809999942779541,2.5199999809265137,2.549999952316284,3757300,0.0,0.0
2022-06-22 00:00:00-04:00,2.4600000381469727,2.6050000190734863,2.4000000953674316,2.430000066757202,3684600,0.0,0.0
2022-06-23 00:00:00-04:00,2.450000047683716,2.505000114440918,2.365000009536743,2.430000066757202,1710300,0.0,0.0
2022-06-24 00:00:00-04:00,2.559999942779541,2.5999999046325684,2.2850000858306885,2.4800000190734863,15591400,0.0,0.0
2022-06-27 00:00:00-04:00,2.4600000381469727,2.5250000953674316,2.2699999809265137,2.2699999809265137,2160900,0.0,0.0
2022-06-28 00:00:00-04:00,2.299999952316284,2.4100000858306885,2.200000047683716,2.240000009536743,1845300,0.0,0.0
2022-06-29 00:00:00-04:00,2.200000047683716,2.4600000381469727,2.200000047683716,2.4100000858306885,3395300,0.0,0.0
2022-06-30 00:00:00-04:00,2.3399999141693115,2.609999895095825,2.3399999141693115,2.5999999046325684,2590200,0.0,0.0
2022-07-01 00:00:00-04:00,2.5199999809265137,3.5799999237060547,2.5199999809265137,3.549999952316284,15563900,0.0,0.0
2022-07-05 00:00:00-04:00,3.75,6.400000095367432,3.359999895095825,5.28000020980835,101161600,0.0,0.0
2022-07-06 00:00:00-04:00,4.96999979019165,5.0,4.349999904632568,4.539999961853027,12177100,0.0,0.0
2022-07-07 00:00:00-04:00,5.190000057220459,6.409999847412109,5.168000221252441,5.5,62816000,0.0,0.0
2022-07-08 00:00:00-04:00,5.5,6.139999866485596,5.110000133514404,5.400000095367432,25822500,0.0,0.0
2022-07-11 00:00:00-04:00,5.25,5.610000133514404,4.820000171661377,5.46999979019165,8342100,0.0,0.0
2022-07-12 00:00:00-04:00,5.429999828338623,5.928999900817871,5.329999923706055,5.739999771118164,8529400,0.0,0.0
2022-07-13 00:00:00-04:00,5.559999942779541,6.059999942779541,5.525000095367432,5.900000095367432,11721400,0.0,0.0
2022-07-14 00:00:00-04:00,5.880000114440918,7.429999828338623,5.690000057220459,7.0,21198300,0.0,0.0
2022-07-15 00:00:00-04:00,7.0,7.659999847412109,6.550000190734863,7.519999980926514,11321500,0.0,0.0
2022-07-18 00:00:00-04:00,7.650000095367432,7.849999904632568,6.429999828338623,6.699999809265137,12004300,0.0,0.0
2022-07-19 00:00:00-04:00,6.889999866485596,7.099999904632568,5.230000019073486,5.539999961853027,16104500,0.0,0.0
2022-07-20 00:00:00-04:00,5.670000076293945,5.849999904632568,4.449999809265137,4.639999866485596,16084100,0.0,0.0
2022-07-21 00:00:00-04:00,4.670000076293945,4.940000057220459,3.4000000953674316,3.4100000858306885,25700100,0.0,0.0
2022-07-22 00:00:00-04:00,2.819999933242798,3.0999999046325684,1.9500000476837158,2.5999999046325684,121116600,0.0,0.0
2022-07-25 00:00:00-04:00,2.609999895095825,2.690000057220459,2.299999952316284,2.299999952316284,28112500,0.0,0.0
2022-07-26 00:00:00-04:00,2.0,2.309999942779541,2.0,2.1500000953674316,15716300,0.0,0.0
2022-07-27 00:00:00-04:00,2.259999990463257,2.5899999141693115,2.2100000381469727,2.390000104904175,24762600,0.0,0.0
2022-07-28 00:00:00-04:00,2.2899999618530273,2.3499999046325684,2.2100000381469727,2.2100000381469727,10832000,0.0,0.0
2022-07-29 00:00:00-04:00,2.200000047683716,2.299999952316284,2.0799999237060547,2.2100000381469727,11924300,0.0,0.0
2022-08-01 00:00:00-04:00,2.2100000381469727,2.2100000381469727,2.0,2.0,12163300,0.0,0.0
2022-08-02 00:00:00-04:00,2.319999933242798,2.890000104904175,2.1700000762939453,2.4200000762939453,65180600,0.0,0.0
2022-08-03 00:00:00-04:00,2.559999942779541,2.990000009536743,2.4600000381469727,2.9700000286102295,27909700,0.0,0.0
2022-08-04 00:00:00-04:00,3.1029999256134033,3.359999895095825,2.7200000286102295,2.7699999809265137,26418300,0.0,0.0
2022-08-05 00:00:00-04:00,2.759999990463257,2.867000102996826,2.619999885559082,2.7200000286102295,12569900,0.0,0.0
2022-08-08 00:00:00-04:00,2.799999952316284,3.130000114440918,2.740000009536743,2.799999952316284,15932900,0.0,0.0
2022-08-09 00:00:00-04:00,2.799999952316284,2.809999942779541,2.490000009536743,2.509999990463257,9280700,0.0,0.0
2022-08-10 00:00:00-04:00,2.619999885559082,2.630000114440918,2.5299999713897705,2.5899999141693115,7820300,0.0,0.0
2022-08-11 00:00:00-04:00,2.609999895095825,2.680000066757202,2.5199999809265137,2.5399999618530273,8953700,0.0,0.0
2022-08-12 00:00:00-04:00,2.509999990463257,2.7100000381469727,2.359999895095825,2.690000057220459,9531600,0.0,0.0
2022-08-15 00:00:00-04:00,2.6600000858306885,2.809999942779541,2.609999895095825,2.7899999618530273,10908700,0.0,0.0
2022-08-16 00:00:00-04:00,2.6500000953674316,2.6500000953674316,2.200000047683716,2.319999933242798,22721100,0.0,0.0
2022-08-17 00:00:00-04:00,2.4000000953674316,2.4000000953674316,2.1600000858306885,2.180000066757202,12088300,0.0,0.0
2022-08-18 00:00:00-04:00,2.2049999237060547,2.2049999237060547,2.0399999618530273,2.109999895095825,9116300,0.0,0.0
2022-08-19 00:00:00-04:00,2.059999942779541,2.065000057220459,1.9800000190734863,2.0,10445100,0.0,0.0
2022-08-22 00:00:00-04:00,1.9199999570846558,1.9600000381469727,1.7999999523162842,1.8200000524520874,11496200,0.0,0.0
2022-08-23 00:00:00-04:00,1.909999966621399,1.909999966621399,1.690000057220459,1.75,13932800,0.0,0.0
2022-08-24 00:00:00-04:00,1.7799999713897705,1.7799999713897705,1.6799999475479126,1.7300000190734863,12995100,0.0,0.0
2022-08-25 00:00:00-04:00,1.75,1.7599999904632568,1.659999966621399,1.7400000095367432,14423800,0.0,0.0
2022-08-26 00:00:00-04:00,1.75,1.7549999952316284,1.4800000190734863,1.5,21157100,0.0,0.0
2022-08-29 00:00:00-04:00,1.4500000476837158,1.4800000190734863,1.3700000047683716,1.399999976158142,16879900,0.0,0.0
2022-08-30 00:00:00-04:00,1.3700000047683716,1.3799999952316284,1.0700000524520874,1.190000057220459,46555000,0.0,0.0
2022-08-31 00:00:00-04:00,1.1200000047683716,1.25,1.0800000429153442,1.1200000047683716,31481100,0.0,0.0
2022-09-01 00:00:00-04:00,1.1299999952316284,1.2200000286102295,1.0199999809265137,1.0700000524520874,23486300,0.0,0.0
2022-09-02 00:00:00-04:00,1.100000023841858,1.100000023841858,1.0199999809265137,1.0499999523162842,15026900,0.0,0.0
2022-09-06 00:00:00-04:00,1.090000033378601,1.090000033378601,0.9449999928474426,1.0099999904632568,20927300,0.0,0.0
2022-09-07 00:00:00-04:00,0.9810000061988831,1.0099999904632568,0.9509999752044678,1.0,24696500,0.0,0.0
2022-09-08 00:00:00-04:00,1.0,1.0099999904632568,0.8799999952316284,0.9129999876022339,36154000,0.0,0.0
2022-09-09 00:00:00-04:00,0.9150000214576721,1.2200000286102295,0.8999999761581421,1.1100000143051147,58048900,0.0,0.0
2022-09-12 00:00:00-04:00,1.25,1.25,0.9900000095367432,1.0299999713897705,54729600,0.0,0.0
2022-09-13 00:00:00-04:00,0.9900000095367432,1.0099999904632568,0.9200000166893005,0.9290000200271606,52803500,0.0,0.0
2022-09-14 00:00:00-04:00,0.949999988079071,0.9700000286102295,0.8820000290870667,0.9470000267028809,43602900,0.0,0.0
2022-09-15 00:00:00-04:00,0.949999988079071,1.1699999570846558,0.9399999976158142,1.059999942779541,43682600,0.0,0.0
2022-09-16 00:00:00-04:00,1.149999976158142,1.149999976158142,0.9509999752044678,0.9649999737739563,40698100,0.0,0.0
2022-09-19 00:00:00-04:00,0.9779999852180481,1.0199999809265137,0.902999997138977,0.9419999718666077,28793700,0.0,0.0
2022-09-20 00:00:00-04:00,0.9259999990463257,0.9990000128746033,0.8500000238418579,0.8510000109672546,26171900,0.0,0.0
2022-09-21 00:00:00-04:00,0.8519999980926514,0.9100000262260437,0.800000011920929,0.8069999814033508,31398200,0.0,0.0
2022-09-22 00:00:00-04:00,0.8500000238418579,0.8600000143051147,0.7379999756813049,0.7450000047683716,33108300,0.0,0.0
2022-09-23 00:00:00-04:00,0.7210000157356262,0.7990000247955322,0.7059999704360962,0.7670000195503235,17966300,0.0,0.0
2022-09-26 00:00:00-04:00,0.9449999928474426,1.1200000047683716,0.8330000042915344,0.8399999737739563,100458700,0.0,0.0
2022-09-27 00:00:00-04:00,0.9769999980926514,0.9829999804496765,0.8659999966621399,0.8899999856948853,41984600,0.0,0.0
2022-09-28 00:00:00-04:00,0.8769999742507935,0.8899999856948853,0.8100000023841858,0.824999988079071,25607300,0.0,0.0
2022-09-29 00:00:00-04:00,0.8100000023841858,0.8159999847412109,0.6949999928474426,0.703000009059906,28716100,0.0,0.0
2022-09-30 00:00:00-04:00,0.699999988079071,0.7200000286102295,0.6290000081062317,0.6359999775886536,28411700,0.0,0.0
2022-10-03 00:00:00-04:00,0.6000000238418579,0.6779999732971191,0.5899999737739563,0.6420000195503235,25537400,0.0,0.0
2022-10-04 00:00:00-04:00,0.656000018119812,0.7009999752044678,0.6549999713897705,0.6990000009536743,20103800,0.0,0.0
2022-10-05 00:00:00-04:00,0.6700000166893005,0.6790000200271606,0.6200000047683716,0.6480000019073486,17952300,0.0,0.0
2022-10-06 00:00:00-04:00,0.6499999761581421,0.7279999852180481,0.6499999761581421,0.7099999785423279,31035900,0.0,0.0
2022-10-07 00:00:00-04:00,0.6800000071525574,0.7099999785423279,0.6299999952316284,0.6380000114440918,24151400,0.0,0.0
2022-10-10 00:00:00-04:00,0.6570000052452087,0.6759999990463257,0.6200000047683716,0.6700000166893005,15210000,0.0,0.0
2022-10-11 00:00:00-04:00,0.656000018119812,0.6700000166893005,0.5299999713897705,0.5360000133514404,35472600,0.0,0.0
2022-10-12 00:00:00-04:00,0.5419999957084656,0.5649999976158142,0.5,0.5509999990463257,30447000,0.0,0.0
2022-10-13 00:00:00-04:00,0.5099999904632568,0.5299999713897705,0.5,0.5239999890327454,22124400,0.0,0.0
2022-10-14 00:00:00-04:00,0.5400000214576721,0.5569999814033508,0.4959999918937683,0.5019999742507935,16701600,0.0,0.0
2022-10-17 00:00:00-04:00,0.5230000019073486,0.5479999780654907,0.5099999904632568,0.5230000019073486,12341700,0.0,0.0
2022-10-18 00:00:00-04:00,0.5429999828338623,0.5600000023841858,0.515999972820282,0.5270000100135803,10252000,0.0,0.0
2022-10-19 00:00:00-04:00,0.5419999957084656,0.5440000295639038,0.5009999871253967,0.5139999985694885,9555700,0.0,0.0
2022-10-20 00:00:00-04:00,0.5249999761581421,0.5699999928474426,0.5009999871253967,0.5090000033378601,19644900,0.0,0.0
2022-10-21 00:00:00-04:00,0.5099999904632568,0.5400000214576721,0.503000020980835,0.5299999713897705,16843800,0.0,0.0
2022-10-24 00:00:00-04:00,0.5199999809265137,0.5199999809265137,0.45500001311302185,0.46000000834465027,23306900,0.0,0.0
2022-10-25 00:00:00-04:00,0.4620000123977661,0.5879999995231628,0.4620000123977661,0.5759999752044678,43454500,0.0,0.0
2022-10-26 00:00:00-04:00,0.5640000104904175,0.6060000061988831,0.5220000147819519,0.5659999847412109,30542000,0.0,0.0
2022-10-27 00:00:00-04:00,0.5799999833106995,0.5799999833106995,0.5059999823570251,0.5139999985694885,23756800,0.0,0.0
2022-10-28 00:00:00-04:00,0.5109999775886536,0.5339999794960022,0.5009999871253967,0.5099999904632568,17731600,0.0,0.0
2022-10-31 00:00:00-04:00,0.5180000066757202,0.550000011920929,0.5059999823570251,0.5400000214576721,16936400,0.0,0.0
2022-11-01 00:00:00-04:00,0.5640000104904175,0.5820000171661377,0.5339999794960022,0.5389999747276306,12481200,0.0,0.0
2022-11-02 00:00:00-04:00,0.546999990940094,0.6119999885559082,0.5299999713897705,0.5619999766349792,16655000,0.0,0.0
2022-11-03 00:00:00-04:00,0.5550000071525574,0.5920000076293945,0.550000011920929,0.5600000023841858,7865600,0.0,0.0
2022-11-04 00:00:00-04:00,0.5789999961853027,0.6079999804496765,0.5619999766349792,0.5809999704360962,14563400,0.0,0.0
2022-11-07 00:00:00-05:00,0.6000000238418579,0.75,0.6000000238418579,0.6899999976158142,44170900,0.0,0.0
2022-11-08 00:00:00-05:00,0.8399999737739563,0.8519999980926514,0.6370000243186951,0.6589999794960022,29187400,0.0,0.0
2022-11-09 00:00:00-05:00,0.6700000166893005,0.671999990940094,0.5600000023841858,0.5619999766349792,19922600,0.0,0.0
2022-11-10 00:00:00-05:00,0.5849999785423279,0.6200000047683716,0.5699999928474426,0.6190000176429749,14980400,0.0,0.0
2022-11-11 00:00:00-05:00,0.6000000238418579,0.6499999761581421,0.5730000138282776,0.6299999952316284,23300400,0.0,0.0
2022-11-14 00:00:00-05:00,0.6309999823570251,0.6380000114440918,0.5649999976158142,0.5649999976158142,17121100,0.0,0.0
2022-11-15 00:00:00-05:00,0.5899999737739563,0.6129999756813049,0.5,0.5099999904632568,35876500,0.0,0.0
2022-11-16 00:00:00-05:00,0.5299999713897705,0.5299999713897705,0.4620000123977661,0.47099998593330383,23149900,0.0,0.0
2022-11-17 00:00:00-05:00,0.4779999852180481,0.4779999852180481,0.3970000147819519,0.4169999957084656,36390500,0.0,0.0
2022-11-18 00:00:00-05:00,0.41999998688697815,0.42500001192092896,0.3619999885559082,0.36500000953674316,31535300,0.0,0.0
2022-11-21 00:00:00-05:00,0.36500000953674316,0.36800000071525574,0.3190000057220459,0.3400000035762787,31055200,0.0,0.0
2022-11-22 00:00:00-05:00,0.33000001311302185,0.33799999952316284,0.3059999942779541,0.3319999873638153,28687700,0.0,0.0
2022-11-23 00:00:00-05:00,0.34599998593330383,0.36500000953674316,0.3230000138282776,0.32499998807907104,29808300,0.0,0.0
2022-11-25 00:00:00-05:00,0.32499998807907104,0.3569999933242798,0.3160000145435333,0.32100000977516174,17365900,0.0,0.0
2022-11-28 00:00:00-05:00,0.3199999928474426,0.32499998807907104,0.2980000078678131,0.30399999022483826,24415400,0.0,0.0
2022-11-29 00:00:00-05:00,0.3149999976158142,0.38499999046325684,0.3100000023841858,0.35499998927116394,29886500,0.0,0.0
2022-11-30 00:00:00-05:00,0.3790000081062317,0.382999986410141,0.3190000057220459,0.32100000977516174,31091800,0.0,0.0
2022-12-01 00:00:00-05:00,0.3310000002384186,0.3440000116825104,0.30799999833106995,0.3109999895095825,33999700,0.0,0.0
2022-12-02 00:00:00-05:00,0.31200000643730164,0.32100000977516174,0.30000001192092896,0.3109999895095825,18548900,0.0,0.0
2022-12-05 00:00:00-05:00,0.32199999690055847,0.3400000035762787,0.2980000078678131,0.29899999499320984,29438000,0.0,0.0
2022-12-06 00:00:00-05:00,0.3009999990463257,0.3059999942779541,0.24500000476837158,0.25999999046325684,39281500,0.0,0.0
2022-12-07 00:00:00-05:00,0.25600001215934753,0.2669999897480011,0.24500000476837158,0.25,19862000,0.0,0.0
2022-12-08 00:00:00-05:00,0.25999999046325684,0.2750000059604645,0.25,0.2639999985694885,20945400,0.0,0.0
2022-12-09 00:00:00-05:00,0.2720000147819519,0.29899999499320984,0.2680000066757202,0.29499998688697815,24173600,0.0,0.0
2022-12-12 00:00:00-05:00,0.3310000002384186,0.5490000247955322,0.3230000138282776,0.45899999141693115,151771700,0.0,0.0
2022-12-13 00:00:00-05:00,0.5789999961853027,0.6660000085830688,0.4909999966621399,0.5320000052452087,146951800,0.0,0.0
2022-12-14 00:00:00-05:00,0.5249999761581421,0.5479999780654907,0.44999998807907104,0.5099999904632568,58231500,0.0,0.0
2022-12-15 00:00:00-05:00,0.503000020980835,0.5669999718666077,0.47099998593330383,0.47999998927116394,56741000,0.0,0.0
2022-12-16 00:00:00-05:00,0.3630000054836273,0.4180000126361847,0.3499999940395355,0.3529999852180481,57431800,0.0,0.0
2022-12-19 00:00:00-05:00,0.3499999940395355,0.35499998927116394,0.3070000112056732,0.32600000500679016,29797100,0.0,0.0
2022-12-20 00:00:00-05:00,0.31299999356269836,0.4050000011920929,0.31299999356269836,0.35899999737739563,54029600,0.0,0.0
2022-12-21 00:00:00-05:00,0.3700000047683716,0.3970000147819519,0.35100001096725464,0.38499999046325684,27881000,0.0,0.0
2022-12-22 00:00:00-05:00,0.38999998569488525,0.4000000059604645,0.3400000035762787,0.35499998927116394,25920500,0.0,0.0
2022-12-23 00:00:00-05:00,0.3610000014305115,0.382999986410141,0.33399999141693115,0.3499999940395355,25410000,0.0,0.0
2022-12-27 00:00:00-05:00,0.3409999907016754,0.34599998593330383,0.31299999356269836,0.3230000138282776,20338300,0.0,0.0
2022-12-28 00:00:00-05:00,0.33000001311302185,0.33500000834465027,0.30799999833106995,0.3149999976158142,21575000,0.0,0.0
2022-12-29 00:00:00-05:00,0.3199999928474426,0.33399999141693115,0.27399998903274536,0.2930000126361847,28100800,0.0,0.0
2022-12-30 00:00:00-05:00,0.30000001192092896,0.31700000166893005,0.27900001406669617,0.28999999165534973,26803300,0.0,0.0
2023-01-03 00:00:00-05:00,0.3059999942779541,0.3199999928474426,0.2709999978542328,0.2709999978542328,30968900,0.0,0.0
2023-01-04 00:00:00-05:00,0.2840000092983246,0.30799999833106995,0.26899999380111694,0.296999990940094,27869600,0.0,0.0
2023-01-05 00:00:00-05:00,0.296999990940094,0.3490000069141388,0.2800000011920929,0.33799999952316284,31051000,0.0,0.0
2023-01-06 00:00:00-05:00,0.3310000002384186,0.35199999809265137,0.3140000104904175,0.3240000009536743,24953200,0.0,0.0
2023-01-09 00:00:00-05:00,0.33799999952316284,0.38199999928474426,0.32499998807907104,0.37299999594688416,24359100,0.0,0.0
2023-01-10 00:00:00-05:00,0.35600000619888306,0.375,0.3400000035762787,0.37400001287460327,16967500,0.0,0.0
2023-01-11 00:00:00-05:00,0.382999986410141,0.48500001430511475,0.3659999966621399,0.46799999475479126,42465600,0.0,0.0
2023-01-12 00:00:00-05:00,0.47099998593330383,0.4959999918937683,0.4050000011920929,0.4569999873638153,39591700,0.0,0.0
2023-01-13 00:00:00-05:00,0.4399999976158142,0.550000011920929,0.4350000023841858,0.5040000081062317,48385800,0.0,0.0
2023-01-17 00:00:00-05:00,0.5400000214576721,0.5400000214576721,0.4650000035762787,0.4749999940395355,36950100,0.0,0.0
2023-01-18 00:00:00-05:00,0.5889999866485596,0.6499999761581421,0.531000018119812,0.597000002861023,102444900,0.0,0.0
2023-01-19 00:00:00-05:00,0.5870000123977661,0.6499999761581421,0.5400000214576721,0.5839999914169312,55798800,0.0,0.0
2023-01-20 00:00:00-05:00,0.5867999792098999,0.6378999948501587,0.5799999833106995,0.6132000088691711,49267568,0.0,0.0
