author,n.runs,index,n.cols,n.added,design.rank,cols,wlp,clear.2fi
Csw,16,5-1.1,5,1,1,15,"0,0,1",10
Csw,16,5-1.2,5,1,2,7,"0,1,0",4
Csw,16,5-1.3,5,1,3,3,"1,0,0",7
Csw,16,6-2.1,6,2,1,"7,11","0,3,0,0",0
Csw,16,6-2.2,6,2,2,"3,13","1,1,1,0",6
Csw,16,6-2.3,6,2,3,"3,12","2,0,0,1",9
Csw,16,6-2.4,6,2,4,"3,5","2,1,0,0",5
Csw,16,7-3.1,7,3,1,"7,11,13","0,7,0,0,0",0
Csw,16,7-3.2,7,3,2,"3,5,14","2,3,2,0,0",2
Csw,16,7-3.3,7,3,3,"3,5,10","3,2,1,1,0",4
Csw,16,7-3.4,7,3,4,"3,5,9","3,3,0,0,1",0
Csw,16,7-3.5,7,3,5,"3,5,6","4,3,0,0,0",6
Csw,16,8-4.1,8,4,1,"7,11,13,14","0,14,0,0,0,1",0
Csw,16,8-4.2,8,4,2,"3,5,9,14","3,7,4,0,1,0",1
Csw,16,8-4.3,8,4,3,"3,5,10,12","4,5,4,2,0,0",0
Csw,16,8-4.4,8,4,4,"3,5,6,15","4,6,4,0,0,1",0
Csw,16,8-4.5,8,4,5,"3,5,6,9","5,5,2,2,1,0",2
Csw,16,8-4.6,8,4,6,"3,5,6,7","7,7,0,0,1,0",7
Csw,16,9-5.1,9,5,1,"3,5,9,14,15","4,14,8,0,4,1,0",0
Csw,16,9-5.2,9,5,2,"3,5,10,12,15","6,9,9,6,0,0,1",0
Csw,16,9-5.3,9,5,3,"3,5,6,9,14","6,10,8,4,2,1,0",0
Csw,16,9-5.4,9,5,4,"3,5,6,9,10","7,9,6,6,3,0,0",0
Csw,16,9-5.5,9,5,5,"3,5,6,7,9","8,10,4,4,4,1,0",0
Csw,16,10-6.1,10,6,1,"3,5,6,9,14,15","8,18,16,8,8,5,0,0",0
Csw,16,10-6.2,10,6,2,"3,5,6,9,10,13","9,16,15,12,7,3,1,0",0
Csw,16,10-6.3,10,6,3,"3,5,6,9,10,12","10,15,12,15,10,0,0,1",0
Csw,16,10-6.4,10,6,4,"3,5,6,7,9,10","10,16,12,12,10,3,0,0",0
Csw,16,11-7.1,11,7,1,"3,5,6,9,10,13,14","12,26,28,24,20,13,4",0
Csw,16,11-7.2,11,7,2,"3,5,6,7,9,10,12","13,25,25,27,23,10,3,1",0
Csw,16,11-7.3,11,7,3,"3,5,6,7,9,10,11","13,26,24,24,26,13,0,0,1",0
Csw,16,12-8.1,12,8,1,"3,5,6,9,10,13,14,15","16,39,48,48,48,39,16,0,0,1",0
Csw,16,12-8.2,12,8,2,"3,5,6,7,9,10,11,12","17,38,44,52,54,33,12,4,1",0
Csw,32,6-1.1,6,1,1,31,"0,0,0,1,0",15
Csw,32,7-2.1,7,2,1,"7,27","0,1,2,0,0",15
Csw,32,7-2.2,7,2,2,"7,25","0,2,0,1,0",9
Csw,32,7-2.3,7,2,3,"7,11","0,3,0,0,0",6
Csw,32,7-2.4,7,2,4,"3,29","1,0,1,1,0",18
Csw,32,7-2.5,7,2,5,"3,28","1,1,0,0,1",12
Csw,32,7-2.6,7,2,6,"3,13","1,1,1,0,0",12
Csw,32,7-2.7,7,2,7,"3,12","2,0,0,1,0",15
Csw,32,7-2.8,7,2,8,"3,5","2,1,0,0,0",11
Csw,32,8-3.1,8,3,1,"7,11,29","0,3,4,0,0",13
Csw,32,8-3.2,8,3,2,"7,11,21","0,5,0,2,0",4
Csw,32,8-3.3,8,3,3,"7,11,19","0,6,0,0,0",0
Csw,32,8-3.4,8,3,4,"7,11,13","0,7,0,0,0",7
Csw,32,8-3.5,8,3,5,"3,13,22","1,2,3,1,0",13
Csw,32,8-3.6,8,3,6,"3,5,30","2,1,2,2,0",18
Csw,32,8-3.7,8,3,7,"3,13,21","1,3,2,0,1",10
Csw,32,8-3.8,8,3,8,"3,12,21","2,1,2,2,0",16
Csw,32,8-3.9,8,3,9,"3,5,26","2,2,1,1,1",12
Csw,32,8-3.10,8,3,10,"3,5,25","2,2,2,0,0",12
Csw,32,9-4.1,9,4,1,"7,11,19,29","0,6,8,0,0",8
Csw,32,9-4.2,9,4,2,"7,11,13,30","0,7,7,0,0",15
Csw,32,9-4.3,9,4,3,"7,11,21,25","0,9,0,6,0",0
Csw,32,9-4.4,9,4,4,"7,11,13,19","0,10,0,4,0",2
Csw,32,9-4.5,9,4,5,"7,11,13,14","0,14,0,0,0",8
Csw,32,9-4.6,9,4,6,"3,13,21,26","1,5,6,2,1",9
Csw,32,9-4.7,9,4,7,"3,13,21,25","1,7,4,0,3",12
Csw,32,9-4.8,9,4,8,"3,12,21,26","2,3,6,4,0",12
Csw,32,9-4.9,9,4,9,"3,5,9,30","3,3,4,4,1",15
Csw,32,9-4.10,9,4,10,"3,5,10,28","3,3,4,4,1",13
Csw,32,10-5.1,10,5,1,"7,11,19,29,30","0,10,16,0,0",0
Csw,32,10-5.2,10,5,2,"7,11,21,25,31","0,15,0,15,0",0
Csw,32,10-5.3,10,5,3,"7,11,13,19,21","0,16,0,12,0",0
Csw,32,10-5.4,10,5,4,"7,11,13,14,19","0,18,0,8,0",0
Csw,32,10-5.5,10,5,5,"3,13,21,25,28","1,14,7,0,7",14
Csw,32,10-5.6,10,5,6,"3,13,21,25,30","1,10,11,4,3",8
Csw,32,10-5.7,10,5,7,"3,12,21,26,31","2,7,12,7,2",6
Csw,32,10-5.8,10,5,8,"3,5,14,22,25","2,8,12,4,2",4
Csw,32,10-5.9,10,5,9,"3,5,14,23,26","2,9,9,6,4",5
Csw,32,10-5.10,10,5,10,"3,5,9,14,31","3,8,11,4,1",12
Csw,32,11-6.1,11,6,1,"7,11,13,19,21,25","0,25,0,27,0",0
Csw,32,11-6.2,11,6,2,"7,11,13,14,19,21","0,26,0,24,0",0
Csw,32,11-6.3,11,6,3,"3,5,14,22,25,31","2,14,22,8,6",0
Csw,32,11-6.4,11,6,4,"3,5,14,22,26,29","2,16,16,12,10",6
Csw,32,11-6.5,11,6,5,"3,5,14,22,26,28","2,18,14,8,14",6
Csw,32,11-6.6,11,6,6,"3,5,10,23,27,28","3,13,19,11,9",3
Csw,32,11-6.7,11,6,7,"3,5,9,22,26,29","3,15,13,15,13",4
Csw,32,11-6.8,11,6,8,"3,5,9,22,26,28","3,16,12,12,16",4
Csw,32,11-6.9,11,6,9,"3,5,9,14,22,26","3,16,13,12,13",4
Csw,32,11-6.10,11,6,10,"3,5,9,14,18,29","4,12,18,12,8",5
Csw,32,12-7.1,12,7,1,"7,11,13,14,19,21,25","0,38,0,52,0",0
Csw,32,12-7.2,12,7,2,"7,11,13,14,19,21,22","0,39,0,48,0",0
Csw,32,12-7.3,12,7,3,"3,5,9,14,22,26,29","3,25,23,27,25",5
Csw,32,12-7.4,12,7,4,"3,5,9,14,22,26,28","3,26,22,24,28",5
Csw,32,12-7.5,12,7,5,"3,5,10,12,22,27,29","4,20,32,22,20",0
Csw,32,12-7.6,12,7,6,"3,5,10,12,22,25,31","4,22,28,20,28",0
Csw,32,12-7.7,12,7,7,"3,5,6,15,23,25,30","4,23,28,16,28",0
Csw,32,12-7.8,12,7,8,"3,5,9,14,17,22,26","4,25,19,27,31",3
Csw,32,12-7.9,12,7,9,"3,5,9,14,15,22,26","4,26,20,24,28",3
Csw,32,12-7.10,12,7,10,"3,5,9,14,18,20,31","5,19,29,25,23",2
Csw,32,13-8.1,13,8,1,"7,11,13,14,19,21,22,25","0,55,0,96,0",0
Csw,32,13-8.2,13,8,2,"3,5,9,14,17,22,26,28","4,38,32,52,56",4
Csw,32,13-8.3,13,8,3,"3,5,9,14,15,22,26,29","4,38,33,52,52",4
Csw,32,13-8.4,13,8,4,"3,5,9,14,15,22,26,28","4,39,32,48,56",4
Csw,32,13-8.5,13,8,5,"3,5,9,14,15,17,22,26","5,38,28,52,62",2
Csw,32,13-8.6,13,8,6,"3,5,10,12,15,22,27,29","6,28,51,42,42",0
Csw,32,13-8.7,13,8,7,"3,5,9,14,18,20,24,31","6,29,46,46,50",0
Csw,32,13-8.8,13,8,8,"3,5,9,15,18,20,24,30","6,30,44,44,56",0
Csw,32,13-8.9,13,8,9,"3,5,9,15,18,20,24,31","7,28,42,50,56",2
Csw,32,13-8.10,13,8,10,"3,5,6,9,14,17,26,29","7,29,42,46,56",2
Csw,32,14-9.1,14,9,1,"7,11,13,14,19,21,22,25,26","0,77,0,168,0",0
Csw,32,14-9.2,14,9,2,"3,5,9,14,15,17,22,26,28","5,55,45,96,106",3
Csw,32,14-9.3,14,9,3,"3,5,9,14,15,17,22,23,26","6,55,40,96,116",1
Csw,32,14-9.4,14,9,4,"3,5,9,15,18,20,24,30,31","8,42,64,85,112",0
Csw,32,14-9.5,14,9,5,"3,5,9,14,15,18,20,24,31","8,42,65,84,108",0
Csw,32,14-9.6,14,9,6,"3,5,6,9,14,17,22,26,29","8,43,64,80,112",0
Csw,32,14-9.7,14,9,7,"3,5,9,14,15,18,20,24,30","8,43,64,80,112",0
Csw,32,14-9.8,14,9,8,"3,5,6,9,14,15,23,26,29","8,45,64,72,112",0
Csw,32,14-9.9,14,9,9,"3,5,6,9,14,17,22,26,27","9,42,60,84,118",2
Csw,32,14-9.10,14,9,10,"3,5,6,9,14,15,17,26,29","9,43,61,80,114",2
Csw,32,15-10.1,15,10,1,"7,11,13,14,19,21,22,25,26,28","0,105,0,280,0",0
Csw,32,15-10.2,15,10,2,"3,5,9,14,15,17,22,23,26,28","6,77,62,168,188",2
Csw,32,15-10.3,15,10,3,"3,5,9,14,15,17,22,23,26,27","7,77,56,168,203",0
Csw,32,15-10.4,15,10,4,"3,5,6,9,14,17,22,26,27,28","10,60,90,141,212",0
Csw,32,15-10.5,15,10,5,"3,5,6,9,14,15,17,22,26,29","10,61,90,136,212",0
Csw,32,15-10.6,15,10,6,"3,5,6,9,14,15,17,22,26,27","11,60,85,141,222",2
Csw,32,15-10.7,15,10,7,"3,5,9,14,18,20,23,24,27,29","12,49,108,144,176",0
Csw,32,15-10.8,15,10,8,"3,5,6,9,14,18,23,24,29,31","12,51,102,144,192",0
Csw,32,15-10.9,15,10,9,"3,5,9,14,15,18,20,23,24,30","12,51,102,144,192",0
Csw,32,15-10.10,15,10,10,"3,5,6,9,14,15,17,22,23,26","12,61,80,136,232",2
Csw,32,16-11.1,16,11,1,"7,11,13,14,19,21,22,25,26,28,31","0,140,0,448,0",0
Csw,32,16-11.2,16,11,2,"3,5,9,14,15,17,22,23,26,27,28","7,105,84,280,315",1
Csw,32,16-11.3,16,11,3,"3,5,6,9,14,15,17,22,26,27,28","12,83,124,230,376",0
Csw,32,16-11.4,16,11,4,"3,5,6,9,14,15,17,22,23,26,29","12,84,124,224,376",0
Csw,32,16-11.5,16,11,5,"3,5,6,9,14,15,17,22,23,26,27","13,83,118,230,391",2
Csw,32,16-11.6,16,11,6,"3,5,9,14,18,20,23,24,27,29,31","15,65,156,232,315",0
Csw,32,16-11.7,16,11,7,"3,5,6,9,10,14,17,22,27,28,29","15,70,141,231,358",0
Csw,32,16-11.8,16,11,8,"3,5,6,9,10,14,17,22,23,26,29","15,71,140,226,363",0
Csw,32,16-11.9,16,11,9,"3,5,6,9,10,14,15,17,22,26,29","15,73,140,216,363",0
Csw,32,16-11.10,16,11,10,"3,5,6,9,10,14,17,22,26,29,31","16,65,148,236,336",0
Csw,32,17-12.1,17,12,1,"3,5,9,14,15,17,22,23,26,27,28,29","8,140,112,448",0
Csw,32,17-12.2,17,12,2,"3,5,6,9,14,15,17,22,23,26,27,28","14,112,168,364",0
Csw,32,17-12.3,17,12,3,"3,5,6,9,10,14,17,22,23,26,27,28","18,95,192,354",0
Csw,32,17-12.4,17,12,4,"3,5,6,9,10,14,15,17,22,27,28,29","18,95,193,354",0
Csw,32,17-12.5,17,12,5,"3,5,6,9,10,14,15,17,22,23,26,29","18,96,192,348",0
Csw,32,18-13.1,18,13,1,"3,5,6,9,14,15,17,22,23,26,27,28,29","16,148,224,560",0
Csw,32,18-13.2,18,13,2,"3,5,6,9,10,14,15,17,22,23,26,27,28","21,126,259,532",0
Csw,32,18-13.3,18,13,3,"3,5,6,7,9,10,11,17,18,19,28,29,30","22,126,252,532",0
Csw,32,18-13.4,18,13,4,"3,5,6,9,14,15,18,21,23,24,27,28,31","24,108,288,552",0
Csw,32,18-13.5,18,13,5,"3,5,6,9,10,14,17,22,23,24,27,28,29","24,113,272,547",0
Csw,32,19-14.1,19,14,1,"3,5,6,9,10,14,15,17,22,23,26,27,28,29","24,164,344,784",0
Csw,32,19-14.2,19,14,2,"3,5,6,7,9,10,11,17,18,19,28,29,30,31","25,164,336,784",0
Csw,32,19-14.3,19,14,3,"3,5,6,9,10,14,15,17,18,22,23,26,27,28","28,147,364,791",0
Csw,32,19-14.4,19,14,4,"3,5,6,9,10,13,14,15,17,22,23,26,27,28","28,148,364,784",0
Csw,32,19-14.5,19,14,5,"3,5,6,9,10,13,14,17,22,23,24,26,29,31","30,136,378,816",0
Csw,32,20-15.1,20,15,1,"3,5,6,9,10,14,15,17,18,22,23,26,27,28,29","32,188,480,1128",0
Csw,32,20-15.2,20,15,2,"3,5,6,9,10,13,14,15,17,22,23,26,27,28,29","32,189,480,1120",0
Csw,32,20-15.3,20,15,3,"3,5,6,7,9,10,11,12,17,18,19,28,29,30,31","33,188,472,1128",0
Csw,32,20-15.4,20,15,4,"3,5,6,9,10,14,15,17,18,22,23,26,27,28,31","35,175,491,1155",0
Csw,32,20-15.5,20,15,5,"3,5,6,9,10,13,14,15,17,18,22,23,26,27,28","35,176,490,1148",0
Csw,32,21-16.1,21,16,1,"3,5,6,9,10,14,15,17,18,22,23,26,27,28,29,31","40,220,641,1608",0
Csw,32,21-16.2,21,16,2,"3,5,6,9,10,13,14,15,17,18,22,23,26,27,28,29","40,221,640,1600",0
Csw,32,21-16.3,21,16,3,"3,5,6,7,9,10,11,12,17,18,19,20,28,29,30,31","41,220,632,1608",0
Csw,32,21-16.4,21,16,4,"3,5,6,9,10,13,14,17,19,22,23,24,26,28,29,31","42,210,651,1638",0
Csw,32,21-16.5,21,16,5,"3,5,6,9,10,13,14,15,17,18,21,22,23,25,26,29","42,213,644,1624",0
Csw,32,22-17.1,22,17,1,"3,5,6,9,10,13,14,15,17,18,21,22,23,25,26,29,30","48,263,832,2224",0
Csw,32,22-17.2,22,17,2,"3,5,6,9,10,13,14,15,17,18,21,22,23,25,26,27,28","49,259,833,2240",0
Csw,32,22-17.3,22,17,3,"3,5,6,7,9,10,11,12,17,18,19,20,25,28,29,30,31","49,261,825,2240",0
Csw,32,22-17.4,22,17,4,"3,5,6,7,9,10,11,12,17,18,19,20,24,28,29,30,31","50,260,816,2249",0
Csw,32,22-17.5,22,17,5,"3,5,6,7,9,10,11,12,13,17,18,19,20,28,29,30,31","50,261,816,2240",0
Csw,32,23-18.1,23,18,1,"3,5,6,9,10,13,14,15,17,18,21,22,23,25,26,27,28,29","56,315,1064,3024",0
Csw,32,23-18.2,23,18,2,"3,5,6,7,9,10,11,12,13,17,18,19,20,26,28,29,30,31","58,311,1050,3056",0
Csw,32,23-18.3,23,18,3,"3,5,6,7,9,10,11,12,13,17,18,19,20,21,26,27,28,30","59,308,1047,3073",0
Csw,32,23-18.4,23,18,4,"3,5,6,7,9,10,11,12,13,17,18,19,20,22,28,29,30,31","59,310,1041,3065",0
Csw,32,23-18.5,23,18,5,"3,5,6,7,9,10,11,12,13,17,18,19,20,21,26,27,28,29","59,311,1040,3056",0
Csw,32,24-19.1,24,19,1,"3,5,6,9,10,13,14,15,17,18,21,22,23,25,26,27,28,29,30","64,378,1344,4032",0
Csw,32,24-19.2,24,19,2,"3,5,6,7,9,10,11,12,13,17,18,19,20,21,26,27,28,29,30","67,371,1324,4088",0
Csw,32,24-19.3,24,19,3,"3,5,6,7,9,10,11,12,13,17,18,20,21,22,24,26,27,30,31","68,369,1316,4106",0
Csw,32,24-19.4,24,19,4,"3,5,6,7,9,10,11,12,13,14,17,18,19,20,27,28,29,30,31","68,370,1316,4096",0
Csw,32,24-19.5,24,19,5,"3,5,6,7,9,10,11,12,13,17,18,19,20,22,24,27,28,29,30","69,366,1311,4129",0
Csw,32,25-20.1,25,20,1,"3,5,6,7,9,10,11,12,13,17,18,19,20,21,26,27,28,29,30,31","76,442,1656,5376",0
Csw,32,25-20.2,25,20,2,"3,5,6,7,9,10,11,12,13,17,18,19,20,22,24,27,28,29,30,31","78,437,1641,5422",0
Csw,32,25-20.3,25,20,3,"3,5,6,7,9,10,11,12,13,14,17,18,19,20,21,26,27,28,29,30","78,438,1640,5412",0
Csw,32,25-20.4,25,20,4,"3,5,6,7,9,10,11,12,13,14,17,18,19,20,21,22,25,26,27,28","79,436,1632,5430",0
Csw,32,25-20.5,25,20,5,"3,5,6,7,9,10,11,12,13,14,17,18,19,20,21,22,25,26,28,31","79,437,1630,5422",0
Csw,32,26-21.1,26,21,1,"3,5,6,7,9,10,11,12,13,14,17,18,19,20,21,26,27,28,29,30,31","88,518,2032,7032",0
Csw,32,26-21.2,26,21,2,"3,5,6,7,9,10,11,12,13,14,17,18,19,20,21,22,25,26,27,28,29","89,516,2023,7052",0
Csw,32,26-21.3,26,21,3,"3,5,6,7,9,10,11,12,13,14,17,18,19,20,21,22,24,25,26,28,31","90,515,2012,7063",0
Csw,32,26-21.4,26,21,4,"3,5,6,7,9,10,11,12,13,14,15,17,18,19,20,21,22,24,25,26,28","90,515,2013,7062",0
Csw,32,26-21.5,26,21,5,"3,5,6,7,9,10,11,12,13,14,15,17,18,19,20,21,22,23,24,25,26","90,516,2012,7052",0
Csw,32,27-22.1,27,22,1,"3,5,6,7,9,10,11,12,13,14,17,18,19,20,21,22,25,26,27,28,29,30","100,606,2484,9064",0
Csw,32,27-22.2,27,22,2,"3,5,6,7,9,10,11,12,13,14,15,17,18,19,20,21,22,23,24,25,26,28","101,605,2473,9075",0
Csw,32,27-22.3,27,22,3,"3,5,6,7,9,10,11,12,13,14,15,17,18,19,20,21,22,23,24,25,26,27","101,606,2472,9064",0
Csw,32,28-23.1,28,23,1,"3,5,6,7,9,10,11,12,13,14,17,18,19,20,21,22,25,26,27,28,29,30,31","112,707,3024,11536",0
Csw,32,28-23.2,28,23,2,"3,5,6,7,9,10,11,12,13,14,15,17,18,19,20,21,22,23,24,25,26,27,28","113,706,3012,11548",0
Csw,64,7-1.1,7,1,1,63,"0,0,0,1",21
Csw,64,8-2.1,8,2,1,"15,51","0,2,1,0",28
Csw,64,9-3.1,9,3,1,"7,27,45","1,4,2,0",30
Csw,64,9-3.2,9,3,2,"7,25,43","2,3,1,1",24
Csw,64,9-3.3,9,3,3,"7,27,43","2,4,0,0",24
Csw,64,9-3.4,9,3,4,"7,11,61","3,0,4,0",21
Csw,64,9-3.5,9,3,5,"7,25,42","3,0,4,0",18
Csw,64,9-3.6,9,3,6,"7,11,53","3,2,0,2",21
Csw,64,9-3.7,9,3,7,"7,11,51","3,3,0,0",21
Csw,64,9-3.8,9,3,8,"7,11,29","3,4,0,0",21
Csw,64,9-3.9,9,3,9,"7,11,49","4,0,2,0",15
Csw,64,9-3.10,9,3,10,"7,11,21","5,0,2,0",12
Csw,64,10-4.1,10,4,1,"7,27,43,53","2,8,4,0",33
Csw,64,10-4.2,10,4,2,"7,25,42,53","3,6,4,2",27
Csw,64,10-4.3,10,4,3,"7,11,29,51","3,7,4,0",30
Csw,64,10-4.4,10,4,4,"7,11,29,46","3,8,3,0",30
Csw,64,10-4.5,10,4,5,"7,11,29,49","4,6,2,2",24
Csw,64,10-4.6,10,4,6,"7,11,29,45","4,8,0,0",24
Csw,64,10-4.7,10,4,7,"7,25,42,52","5,0,10,0",15
Csw,64,10-4.8,10,4,8,"7,11,21,57","5,4,2,4",21
Csw,64,10-4.9,10,4,9,"7,11,21,45","5,5,2,2",21
Csw,64,10-4.10,10,4,10,"7,11,13,62","7,0,7,0",24
Csw,64,11-5.1,11,5,1,"7,11,29,45,51","4,14,8,0",34
Csw,64,11-5.2,11,5,2,"7,25,42,52,63","5,10,10,5",25
Csw,64,11-5.3,11,5,3,"7,11,29,46,49","5,12,7,4",28
Csw,64,11-5.4,11,5,4,"7,11,21,46,56","6,10,8,4",25
Csw,64,11-5.5,11,5,5,"7,11,29,45,49","6,12,4,4",25
Csw,64,11-5.6,11,5,6,"7,11,19,29,62","6,12,8,0",27
Csw,64,11-5.7,11,5,7,"7,11,21,38,57","7,8,7,8",22
Csw,64,11-5.8,11,5,8,"7,11,21,41,51","7,9,6,6",22
Csw,64,11-5.9,11,5,9,"7,11,13,30,49","8,10,4,4",28
Csw,64,11-5.10,11,5,10,"7,11,13,30,46","8,14,0,0",28
Csw,64,12-6.1,12,6,1,"7,11,29,45,51,62","6,24,16,0",36
Csw,64,12-6.2,12,6,2,"7,11,21,46,54,56","8,20,14,8",27
Csw,64,12-6.3,12,6,3,"7,11,21,41,51,63","9,18,13,12",24
Csw,64,12-6.4,12,6,4,"7,11,21,41,54,56","10,15,16,11",21
Csw,64,12-6.5,12,6,5,"7,11,13,30,46,49","10,20,8,8",30
Csw,64,12-6.6,12,6,6,"7,11,19,37,57,63","10,16,12,16",20
Csw,64,12-6.7,12,6,7,"7,11,19,29,37,59","10,16,16,8",20
Csw,64,12-6.8,12,6,8,"7,11,19,29,37,57","10,18,10,12",20
Csw,64,12-6.9,12,6,9,"7,11,21,25,38,58","11,14,15,12",21
Csw,64,12-6.10,12,6,10,"7,11,13,19,46,49","12,14,12,12",23
Csw,64,13-7.1,13,7,1,"7,11,21,25,38,58,60","14,28,24,24",20
Csw,64,13-7.2,13,7,2,"7,11,13,30,46,49,63","14,33,16,16",36
Csw,64,13-7.3,13,7,3,"7,11,19,29,37,59,62","15,24,32,16",12
Csw,64,13-7.4,13,7,4,"7,11,19,29,37,41,60","15,27,21,27",16
Csw,64,13-7.5,13,7,5,"7,11,13,19,46,49,63","15,28,20,24",22
Csw,64,13-7.6,13,7,6,"7,11,19,30,37,41,52","16,22,30,22",17
Csw,64,13-7.7,13,7,7,"7,11,13,19,37,57,63","16,24,22,32",18
Csw,64,13-7.8,13,7,8,"7,11,19,37,41,60,63","16,26,18,30",12
Csw,64,13-7.9,13,7,9,"7,11,19,29,37,41,47","18,20,28,24",20
Csw,64,13-7.10,13,7,10,"7,11,13,19,35,49,63","18,21,24,24",21
Csw,64,14-8.1,14,8,1,"7,11,19,30,37,41,49,60","22,40,36,56",8
Csw,64,14-8.2,14,8,2,"7,11,19,29,30,37,41,47","22,40,41,48",16
Csw,64,14-8.3,14,8,3,"7,11,13,19,21,25,35,60","29,26,46,50",19
Csw,64,14-8.4,14,8,4,"7,11,13,14,19,21,25,54","38,17,52,44",25
Csw,64,14-8.5,14,8,5,"7,11,13,14,19,21,22,57","39,16,48,48",25
Csw,64,14-8.6,14,8,6,"7,11,19,29,30,37,41,49","22,41,36,52",8
Csw,64,14-8.7,14,8,7,"7,11,19,30,37,41,52,56","23,32,56,40",13
Csw,64,14-8.8,14,8,8,"7,11,13,19,21,41,54,63","23,38,38,54",16
Csw,64,14-8.9,14,8,9,"7,11,13,19,21,46,54,56","23,40,36,48",16
Csw,64,14-8.10,14,8,10,"7,11,19,29,37,41,47,49","24,31,54,42",16
Csw,64,15-9.1,15,9,1,"7,11,19,30,37,41,49,60,63","30,60,60,105",0
Csw,64,15-9.2,15,9,2,"7,11,19,29,30,37,41,49,60","30,61,60,100",0
Csw,64,15-9.3,15,9,3,"7,11,19,29,37,41,47,49,55","33,44,96,72",14
Csw,64,15-9.4,15,9,4,"7,11,13,14,19,21,35,41,63","39,38,80,88",19
Csw,64,15-9.5,15,9,5,"7,11,13,14,19,21,22,25,58","55,22,96,72",27
Csw,64,15-9.6,15,9,6,"7,11,13,19,21,35,37,57,58","33,54,60,108",6
Csw,64,15-9.7,15,9,7,"7,11,13,19,21,25,35,60,63","34,52,65,100",12
Csw,64,15-9.8,15,9,8,"7,11,13,19,21,35,41,49,63","35,42,88,80",14
Csw,64,15-9.9,15,9,9,"7,11,13,19,21,25,35,37,63","37,40,84,84",17
Csw,64,15-9.10,15,9,10,"7,11,13,14,19,21,25,35,60","43,34,80,88",18
Csw,64,16-10.1,16,10,1,"7,11,13,19,21,35,37,57,58,60","43,81,96,189",0
Csw,64,16-10.2,16,10,2,"7,11,19,29,37,41,47,49,55,59","45,60,160,120",15
Csw,64,16-10.3,16,10,3,"7,11,13,19,21,25,35,37,41,63","49,56,144,136",15
Csw,64,16-10.4,16,10,4,"7,11,13,14,19,21,25,35,37,63","53,52,136,144",18
Csw,64,16-10.5,16,10,5,"7,11,13,14,19,21,22,25,35,60","61,44,136,144",17
Csw,64,16-10.6,16,10,6,"7,11,13,14,19,21,22,25,26,60","77,28,168,112",29
Csw,64,16-10.7,16,10,7,"7,11,13,14,19,21,35,37,57,58","47,72,98,192",4
Csw,64,16-10.8,16,10,8,"7,11,13,14,19,21,25,35,60,63","49,68,108,176",8
Csw,64,16-10.9,16,10,9,"7,11,13,14,19,21,22,35,57,60","51,64,102,192",4
Csw,64,16-10.10,16,10,10,"7,11,13,14,19,21,22,35,37,57","57,48,120,160",15
Csw,64,16-10.11,16,10,11,"7,11,13,19,21,35,41,50,61,62","59,0,262,0",0
Csw,64,16-10.12,16,10,12,"7,11,13,19,21,35,41,49,61,62","60,0,256,0",0
Csw,64,16-10.13,16,10,13,"7,11,13,19,21,35,41,52,56,62","60,0,256,0",0
Csw,64,16-10.14,16,10,14,"7,11,19,37,41,47,49,55,59,62","60,0,256,0",0
Csw,64,16-10.15,16,10,15,"7,11,13,19,21,25,35,44,55,61","60,0,257,0",0
Csw,64,17-11.1,17,11,1,"7,11,13,14,19,21,35,37,57,58,60","59,108,150,324",0
Csw,64,17-11.2,17,11,2,"7,11,19,29,37,41,47,49,55,59,62","60,80,256,192",16
Csw,64,17-11.3,17,11,3,"7,11,13,19,21,25,35,37,41,49,63","65,75,232,216",16
Csw,64,17-11.4,17,11,4,"7,11,13,14,19,21,25,35,37,41,63","68,72,224,224",16
Csw,64,17-11.5,17,11,5,"7,11,13,14,19,21,22,25,35,37,63","73,67,216,232",19
Csw,64,17-11.6,17,11,6,"7,11,13,14,19,21,22,25,26,28,63","105,35,280,168",31
Csw,64,17-11.7,17,11,7,"7,11,13,14,19,21,22,35,37,38,57","76,64,192,256",16
Csw,64,17-11.8,17,11,8,"7,11,13,19,21,25,35,37,42,61,62","79,0,394,0",0
Csw,64,17-11.9,17,11,9,"7,11,13,14,19,21,35,41,49,50,61","80,0,388,0",0
Csw,64,17-11.10,17,11,10,"7,11,13,14,19,21,22,25,26,35,60","84,56,224,224",16
Csw,64,18-12.1,18,12,1,"7,11,13,14,19,21,22,35,37,57,58,60","78,144,228",0
Csw,64,18-12.2,18,12,2,"7,11,13,14,19,21,22,35,37,38,57,58","84,128,240",0
Csw,64,18-12.3,18,12,3,"7,11,13,14,19,21,22,25,26,35,60,63","92,112,280",0
Csw,64,18-12.4,18,12,4,"7,11,13,19,21,25,35,37,42,49,61,62","102,0,588",0
Csw,64,18-12.5,18,12,5,"7,11,13,14,19,21,25,35,44,49,52,62","103,0,582",0
Csw,64,19-13.1,19,13,1,"7,11,13,14,19,21,22,35,37,38,57,58,60","100,192,336",0
Csw,64,19-13.2,19,13,2,"7,11,13,14,19,21,22,35,41,44,49,55,56","131,0,847",0
Csw,64,19-13.3,19,13,3,"7,11,13,14,19,21,25,35,37,42,49,50,61","131,0,847",0
Csw,64,19-13.4,19,13,4,"7,11,13,14,19,21,22,35,41,42,49,52,56","132,0,840",0
Csw,64,19-13.5,19,13,5,"7,11,13,14,19,21,25,35,37,41,49,50,61","132,0,840",0
Csw,64,20-14.1,20,14,1,"7,11,13,14,19,21,22,35,37,38,57,58,60,63","125,256,480",0
Csw,64,20-14.2,20,14,2,"7,11,13,14,19,21,22,35,41,42,49,52,56,62","164,0,1208",0
Csw,64,20-14.3,20,14,3,"7,11,13,14,19,21,22,35,41,42,49,52,56,61","165,0,1200",0
Csw,64,20-14.4,20,14,4,"7,11,13,14,19,21,22,35,41,42,49,50,61,62","165,0,1200",0
Csw,64,20-14.5,20,14,5,"7,11,13,14,19,21,25,35,37,42,49,52,59,61","165,0,1200",0
Csw,64,21-15.1,21,15,1,"7,11,13,14,19,21,22,25,35,41,42,49,52,56,62","204,0,1680",0
Csw,64,21-15.2,21,15,2,"7,11,13,14,19,21,22,25,35,37,41,42,49,50,61","205,0,1672",0
Csw,64,21-15.3,21,15,3,"7,11,13,14,19,21,22,25,35,37,41,42,49,52,56","205,0,1672",0
Csw,64,21-15.4,21,15,4,"7,11,13,14,19,21,22,25,35,41,42,49,50,61,62","205,0,1672",0
Csw,64,21-15.5,21,15,5,"7,11,13,14,19,21,22,25,26,37,41,44,49,52,59","206,0,1666",0
Csw,64,22-16.1,22,16,1,"7,11,13,14,19,21,22,25,35,37,41,42,49,52,56,62","250,0,2304",0
Csw,64,22-16.2,22,16,2,"7,11,13,14,19,21,22,25,26,35,37,41,44,49,52,59","251,0,2296",0
Csw,64,22-16.3,22,16,3,"7,11,13,14,19,21,22,25,26,37,41,44,49,52,59,62","251,0,2296",0
Csw,64,22-16.4,22,16,4,"7,11,13,14,19,21,22,25,26,35,37,38,41,44,49,56","252,0,2288",0
Csw,64,22-16.5,22,16,5,"7,11,13,14,19,21,22,25,26,35,37,38,41,44,49,55","252,0,2289",0
Csw,64,23-17.1,23,17,1,"7,11,13,14,19,21,22,25,26,35,37,41,44,49,52,56,62","304,0,3105",0
Csw,64,23-17.2,23,17,2,"7,11,13,14,19,21,22,25,26,35,37,38,41,44,49,55,56","304,0,3105",0
Csw,64,23-17.3,23,17,3,"7,11,13,14,19,21,22,25,26,35,37,38,41,42,49,52,56","305,0,3096",0
Csw,64,23-17.4,23,17,4,"7,11,13,14,19,21,22,25,26,28,35,37,38,41,42,49,52","306,0,3089",0
Csw,64,23-17.5,23,17,5,"7,11,13,14,19,21,22,25,26,28,35,37,38,41,42,49,50","307,0,3080",0
Csw,64,24-18.1,24,18,1,"7,11,13,14,19,21,22,25,26,35,37,38,41,42,49,52,56,62","365,0,4138",0
Csw,64,24-18.2,24,18,2,"7,11,13,14,19,21,22,25,26,35,37,38,41,42,49,52,56,61","366,0,4128",0
Csw,64,24-18.3,24,18,3,"7,11,13,14,19,21,22,25,26,28,35,37,38,41,42,49,52,56","366,0,4129",0
Csw,64,24-18.4,24,18,4,"7,11,13,14,19,21,22,25,26,28,35,37,38,41,42,44,49,50","367,0,4120",0
Csw,64,24-18.5,24,18,5,"7,11,13,14,19,21,22,25,26,28,31,35,37,38,41,42,49,52","369,0,4106",0
Csw,64,25-19.1,25,19,1,"7,11,13,14,19,21,22,25,26,28,35,37,38,41,42,49,52,56,62","435,0,5440",0
Csw,64,25-19.2,25,19,2,"7,11,13,14,19,21,22,25,26,28,35,37,38,41,42,44,49,50,52","436,0,5430",0
Csw,64,25-19.3,25,19,3,"7,11,13,14,19,21,22,25,26,28,31,35,37,38,41,42,49,52,56","437,0,5422",0
Csw,64,25-19.4,25,19,4,"7,11,13,14,19,21,22,25,26,28,31,35,37,38,41,42,44,49,50","438,0,5412",0
Csw,64,25-19.5,25,19,5,"7,11,13,14,19,21,22,25,26,28,31,35,37,38,41,42,44,47,49","442,0,5376",0
Csw,64,26-20.1,26,20,1,"7,11,13,14,19,21,22,25,26,28,35,37,38,41,42,44,49,50,52,56","515,0,7062",0
Csw,64,26-20.2,26,20,2,"7,11,13,14,19,21,22,25,26,28,31,35,37,38,41,42,49,52,56,62","515,7063",0
Csw,64,26-20.3,26,20,3,"7,11,13,14,19,21,22,25,26,28,31,35,37,38,41,42,44,49,50,52","516,0,7052",0
Csw,64,26-20.4,26,20,4,"7,11,13,14,19,21,22,25,26,28,31,35,37,38,41,42,44,47,49,50","518,0,7032",0
Csw,64,27-21.1,27,21,1,"7,11,13,14,19,21,22,25,26,28,31,35,37,38,41,42,44,49,50,52,56","605,0,9075",0
Csw,64,27-21.2,27,21,2,"7,11,13,14,19,21,22,25,26,28,31,35,37,38,41,42,44,47,49,50,52","606,0,9064",0
Csw,64,28-22.1,28,22,1,"7,11,13,14,19,21,22,25,26,28,31,35,37,38,41,42,44,47,49,50,52,56","706,0,11548",0
Csw,64,28-22.2,28,22,2,"7,11,13,14,19,21,22,25,26,28,31,35,37,38,41,42,44,47,49,50,52,55","707,0,11536",0
Csw,64,29-23.1,29,23,1,"7,11,13,14,19,21,22,25,26,28,31,35,37,38,41,42,44,47,49,50,52,55,56","819,0,14560",0
Csw,64,30-24.1,30,24,1,"7,11,13,14,19,21,22,25,26,28,31,35,37,38,41,42,44,47,49,50,52,55,56,59","945,0,18200",0
Csw,64,31-25.1,31,25,1,"7,11,13,14,19,21,22,25,26,28,31,35,37,38,41,42,44,47,49,50,52,55,56,59,61","1085,0,22568",0
Csw,64,32-26.1,32,26,1,"7,11,13,14,19,21,22,25,26,28,31,35,37,38,41,42,44,47,49,50,52,55,56,59,61,62","1240,0,27776",0
Xu,1024,11-1.1,11,1,1,1023,"0,0,0,0,0,0",NA
Xu,1024,12-2.1,12,2,1,"127,911","0,0,0,0,3,0",NA
Xu,1024,13-3.1,13,3,1,"127,911,435","0,0,0,4,3,0",NA
Xu,1024,14-4.1,14,4,1,"127,911,435,725","0,0,0,8,7,0",NA
Xu,1024,15-5.1,15,5,1,"127,911,435,725,873","0,0,0,15,15",NA
Xu,1024,16-6.1,16,6,1,"127,911,435,725,873,158","0,0,6,25,15",NA
Xu,1024,17-7.1,17,7,1,"127,911,435,725,873,158,327","0,0,12,41",NA
Xu,1024,18-8.1,18,8,1,"127,911,435,725,873,158,327,490","0,0,19,66",NA
Xu,1024,19-9.1,19,9,1,"127,911,435,725,873,158,327,490,626","0,0,28,104",NA
Xu,1024,20-10.1,20,10,1,"127,911,435,725,873,158,327,490,626,697","0,0,40,160",NA
Xu,1024,21-11.1,21,11,1,"127,911,435,725,873,158,327,490,626,697,860","0,0,56,240",NA
Xu,1024,22-12.1,22,12,1,"127,911,435,725,873,158,327,490,626,697,860,932","0,0,77,352",NA
Xu,1024,23-13.1,23,13,1,"127,911,179,341,614,158,968,283,805,466,555,508,535","0,0,251,0",NA
Xu,1024,24-14.1,24,14,1,"127,911,179,341,614,158,790,440,964,625,995,234,334,589","0,0,336,0",NA
Xu,1024,25-15,25,15,1,,"0,22,336",NA
Xu,1024,26-16,26,16,1,"439,892,174,213,847,109,647,299,985,31,805,716,339,701,222,231","0,44,358",NA
Xu,1024,27-17,27,17,1,"415,892,174,631,901,107,94,493,295,716,314,527,793,697,940,605,586","0,68,392",NA
Xu,1024,28-18,28,18,1,"415,892,174,631,901,107,94,493,295,716,314,527,793,753,676,455,270,669","0,90,483",NA
Xu,1024,29-19,29,19,1,"638,1009,283,982,244,844,541,174,809,121,677,835,453,474,615,207,960,503,92","0,118,586",NA
Xu,1024,30-20,30,20,1,"998,127,433,861,527,714,681,286,299,908,376,220,242,135,975,763,189,610,836,938","0,152,703",NA
Xu,1024,31-21,31,21,1,"638,1009,283,982,244,844,541,174,809,121,677,835,453,670,54,401,169,621,778,390,957","0,189,863",NA
Xu,1024,32-22,32,22,1,,"0,231,1056",NA
Xu,1024,33-23,33,23,1,"979,877,351,1012,391,362,213,974,307,905,412,811,639,114,187,688,202,92,669,572,848,870,534","0,275,1287",NA
Xu,1024,35-25,35,25,1,,"10,365",NA
Xu,1024,38-28,38,28,1,"702,493,865,422,722,283,1002,405,251,953,47,1015,899,882,101,163,474,736,554,563,733,879,57,383,151,651,71,646","22,564",NA
Xu,1024,40-30,40,30,1,,"34,728",NA
Xu,1024,42-32,42,32,1,"859,757,227,557,914,124,988,463,214,678,488,939,154,46,423,1023,867,876,396,630,537,583,696,805,921,712,822,169,500,754,618,743","48,940",NA
Xu,1024,45-35,45,35,1,"830,967,428,475,220,182,601,844,654,703,519,298,636,353,29,969,929,565,918,875,111,725,755,624,307,456,399,832,792,805,386,506,366,62,1008","76,1344",NA
Xu,128,8-1.1,8,1,1,127,"0,0,0,0,1",NA
Xu,128,9-2.1,9,2,1,"31,103","0,0,3,0,0",NA
Xu,128,10-3.1,10,3,1,"31,103,43","0,3,3,1,0",NA
Xu,128,11-4.1,11,4,1,"31,103,43,85","0,6,6,2,1",NA
Xu,128,12-5.1,12,5,1,"31,103,43,85,121","1,8,12,8",NA
Xu,128,12-5.2,12,5,2,"31,103,43,85,44","1,10,10,5",NA
Xu,128,12-5.3,12,5,3,"31,103,43,85,46","1,10,11,4",NA
Xu,128,13-6.1,13,6,1,"31,103,43,85,44,86","2,16,18,10",NA
Xu,128,13-6.2,13,6,2,"31,103,43,85,46,61","2,16,20,8",NA
Xu,128,14-7.1,14,7,1,"31,103,43,85,46,61,114","3,24,36,16",NA
Xu,128,15-8.1,15,8,1,"31,103,43,85,46,61,114,67","7,32,52,40",NA
Xu,128,15-8.2,15,8,2,"31,103,43,85,44,86,88,53","7,34,46,42",NA
Xu,128,15-8.3,15,8,3,"31,103,43,85,46,61,114,13","7,38,44,28",NA
Xu,128,16-9.1,16,9,1,"31,103,43,85,44,86,88,53,110","10,48,72",NA
Xu,128,17-10.1,17,10,1,"31,103,43,85,46,61,114,67,78,116","15,60,130",NA
Xu,128,17-10.2,17,10,2,"31,103,43,85,46,61,114,67,78,55","15,66,110",NA
Xu,128,17-10.3,17,10,3,"31,103,43,85,44,86,88,53,38,58","15,68,106",NA
Xu,128,17-10.4,17,10,4,"31,103,43,85,46,61,114,67,13,55","15,72,102",NA
Xu,128,18-11.1,18,11,1,"31,103,43,85,46,61,114,67,78,116,121","20,80,200",NA
Xu,128,18-11.2,18,11,2,"31,103,43,85,46,61,114,67,78,55,58","20,92,160",NA
Xu,128,19-12.1,19,12,1,"31,103,43,85,46,61,114,67,78,55,58,86","27,120,235",NA
Xu,128,20-13.1,20,13,1,"31,103,43,85,46,61,114,67,78,55,58,86,91","36,152,340",NA
Xu,128,21-14.1,21,14,1,"31,103,43,85,44,82,54,56,88,78,123,125,104,25","51,200,414",NA
Xu,128,21-14.2,21,14,2,"31,103,43,85,44,86,88,53,38,58,79,83,110,124","51,202,400",NA
Xu,128,22-15.1,22,15,1,"31,103,43,85,44,86,88,53,78,58,83,97,28,104,114","65,248,572",NA
Xu,128,22-15.2,22,15,2,"31,103,43,85,44,82,54,56,88,78,123,125,104,25,112","65,256,552",NA
Xu,128,23-16.1,23,16,1,"31,103,43,85,44,82,54,56,88,78,123,125,104,25,112,49","83,316,744",NA
Xu,128,23-16.2,23,16,2,"31,103,43,85,44,86,88,53,38,58,79,83,110,124,97,104","83,318,734",NA
Xu,128,24-17.1,24,17,1,"31,103,43,85,44,86,88,53,110,19,28,57,67,98,100,26,105","102,384,992",NA
Xu,128,24-17.2,24,17,2,"31,103,43,85,44,86,88,53,38,58,79,83,110,124,97,104,114","102,394,985",NA
Xu,128,25-18.1,25,18,1,"31,103,43,85,44,86,88,53,38,58,79,83,110,124,97,104,114,123","124,482,1312",NA
Xu,128,26-19.1,26,19,1,"31,103,43,85,44,86,88,53,110,19,28,57,67,98,100,26,105,62,77","152,568,1704",NA
Xu,128,27-20.1,27,20,1,"31,103,43,85,44,86,88,53,110,19,28,57,67,98,100,26,105,62,77,112","180,690,2200",NA
Xu,128,28-21.1,28,21,1,"31,103,43,85,44,86,88,53,110,19,28,57,67,98,100,26,105,62,77,112,127","210,840,2800",NA
Xu,128,29-22.1,29,22,1,"31,103,43,85,44,86,88,53,110,19,28,57,67,98,100,26,105,62,77,112,127,124","266,945,3472",NA
Xu,128,30-23.1,30,23,1,"31,103,43,81,45,26,114,127,22,67,56,94,116,7,38,108,14,69,53,25,73,121,28","335,972,4662",NA
Xu,128,31-24.1,31,24,1,"31,103,43,81,45,26,114,127,22,67,56,94,116,7,38,108,14,69,53,25,73,121,28,91","391,1134,5826",NA
Xu,128,31-24.2,31,24,2,"31,103,43,81,45,26,114,127,22,67,56,94,116,7,38,108,14,69,53,25,73,121,28,51","391,1134,5827",NA
Xu,128,32-25.1,32,25,1,"31,103,43,81,45,26,114,127,22,67,56,94,116,7,38,108,14,69,53,25,73,121,28,51,97","452,1322,7219",NA
Xu,128,32-25.2,32,25,2,"31,103,43,81,45,26,114,127,22,67,56,94,116,7,38,108,14,69,53,25,73,121,28,91,51","452,1323,7218",NA
Xu,128,32-25.3,32,25,3,"31,103,43,81,45,26,114,127,22,67,56,94,116,7,38,108,14,69,53,25,73,121,28,51,62","452,1324,7219",NA
Xu,128,33-26.1,33,26,1,"31,103,43,81,45,26,114,127,22,67,56,94,116,7,38,108,14,69,53,25,73,121,28,51,97,70","518,1543,8863",NA
Xu,128,33-26.2,33,26,2,"31,103,43,81,45,26,114,127,22,67,56,94,116,7,38,108,14,69,53,25,73,121,28,91,51,62","518,1544,8863",NA
Xu,128,34-27.1,34,27,1,"31,103,43,81,45,26,114,127,22,67,56,94,116,7,38,108,14,69,53,25,73,121,28,51,97,70,79","589,1800",NA
Xu,128,34-27.2,34,27,2,"31,103,43,81,45,26,114,127,22,67,56,94,116,7,38,108,14,69,53,25,73,121,28,51,97,70,87","589,1801",NA
Xu,128,35-28.1,35,28,1,"31,103,43,81,45,26,114,127,22,67,56,94,116,7,38,108,14,69,53,25,73,121,28,51,97,70,79,93","665,2100",NA
Xu,128,35-28.2,35,28,2,"31,103,43,81,45,26,114,127,22,67,56,94,116,7,38,108,14,69,53,25,73,121,28,51,97,70,79,91","665,2101",NA
Xu,128,36-29.1,36,29,1,"31,103,43,81,45,26,114,127,22,67,56,94,116,7,38,108,14,69,53,25,73,121,28,51,97,70,79,93,62","756,2401",NA
Xu,128,37-30.1,37,30,1,"31,103,43,81,45,26,114,127,22,67,56,94,116,7,38,108,14,69,53,25,73,121,28,51,97,70,79,93,62,87","854,2744",NA
Xu,128,38-31.1,38,31,1,"31,103,43,81,45,26,114,127,22,67,56,94,116,7,38,108,14,69,53,25,73,121,28,51,97,70,79,93,62,87,88","959,3136",NA
Xu,128,39-32.1,39,32,1,"31,103,43,81,45,26,114,127,22,67,56,94,116,7,38,108,14,69,53,25,73,121,28,51,97,70,79,93,62,87,88,91","1071,3584",NA
Xu,128,40-33.1,40,33,1,"31,103,43,81,45,26,114,127,22,67,56,94,116,7,38,108,14,69,53,25,73,121,28,51,97,70,79,93,62,87,88,91,106","1190,4096",NA
Xu,2048,12-1.1,12,1,1,2047,"0,0,0,0,0,0",NA
Xu,2048,13-2.1,13,2,1,"255,1807","0,0,0,1,2,0",NA
Xu,2048,14-3.1,14,3,1,"127,911,1459","0,0,0,7,0,0",NA
Xu,2048,15-4.1,15,4,1,"127,911,1459,1749","0,0,0,15,0,0",NA
Xu,2048,16-5.1,16,5,1,"127,911,1459,1749,1897","0,0,0,30,0,0",NA
Xu,2048,17-6.1,17,6,1,"127,911,1459,1749,1897,470","0,0,16,30,0",NA
Xu,2048,18-7.1,18,7,1,"127,911,1459,1749,1897,470,739","0,0,32,46,0",NA
Xu,2048,19-8.1,19,8,1,"127,911,1459,1749,1897,470,739,826","0,0,52,78,0",NA
Xu,2048,20-9.1,20,9,1,"127,911,1459,1749,1897,470,739,826,1272","0,0,80,130",NA
Xu,2048,21-10.1,21,10,1,"127,911,1459,1749,1897,470,739,826,1272,1309","0,0,120,210",NA
Xu,2048,22-11.1,22,11,1,"127,911,1459,1749,1897,470,739,826,1272,1309,1614","0,0,176,330",NA
Xu,2048,23-12.1,23,12,1,"127,911,1459,1749,1897,470,739,826,1272,1309,1614,1956","0,0,253,506",NA
Xu,2048,24-13,24,13,1,,"0,85,272",NA
Xu,2048,25-14,25,14,1,,"0,119,336",NA
Xu,2048,26-15,26,15,1,,"0,166,416",NA
Xu,2048,27-16,27,16,1,"1646,1438,247,1748,1227,635,1807,494,1356,969,1964,854,2047,1299,1521,1378","0,230,512",NA
Xu,2048,28-17,28,17,1,"1946,1863,1001,1660,757,671,433,1361,626,254,1221,551,2004,1078,1549,397,1402","0,421,0",NA
Xu,2048,29-18,29,18,1,"1598,743,1931,1367,426,1473,696,1144,358,1754,1749,635,1797,1615,1858,1012,1500,179","0,537,0",NA
Xu,2048,30-19,30,19,1,"1646,823,1494,1693,109,682,968,1869,1243,1294,1330,1009,494,628,991,1872,376,1067,1453","0,677,0",NA
Xu,2048,31-20,31,20,1,"1722,379,935,1623,494,1426,223,527,1294,962,1670,637,1816,248,1081,1483,1500,1453,409,747","0,845,0",NA
Xu,2048,32-21,32,21,1,,"0,1048,0",NA
Xu,2048,33-22,33,22,1,,"0,1285,0",NA
Xu,2048,34-23,34,23,1,"743,954,1387,1524,1077,880,1417,2047,421,1001,214,790,1454,618,1082,1574,1709,1736,313,1474,731,654,913","0,1562,0",NA
Xu,2048,35-24,35,24,1,,"121,1069",NA
Xu,2048,40-29,40,29,1,"1822,1645,1012,1423,1187,555,1180,1137,2027,453,1990,151,1528,295,818,362,185,1321,1356,94,1607,1713,825,1394,1297,804,848,1198,243","331,2170",NA
Xu,2048,45-34,45,34,1,,"673,4493",NA
Xu,2048,47-36,47,36,1,"1243,995,381,1654,1993,1063,916,1888,1550,2002,1624,719,823,572,1180,689,1299,890,1342,183,1635,726,269,350,337,1254,1532,1080,1998,1352,1237,1978,1443,531,1701,306","846,5922",NA
Xu,256,9-1.1,9,1,1,255,"0,0,0,0,0,1",NA
Xu,256,10-2.1,10,2,1,"63,199","0,0,1,2,0,0",NA
Xu,256,11-3.1,11,3,1,"127,143,179","0,0,6,0,1,0",NA
Xu,256,12-4.1,12,4,1,"127,143,179,213","0,0,12,0,3",NA
Xu,256,13-5.1,13,5,1,"127,143,179,213,105","0,3,12,12",NA
Xu,256,14-6.1,14,6,1,"127,143,179,213,105,27","0,9,18,16",NA
Xu,256,15-7.1,15,7,1,"127,143,179,213,105,27,46","0,15,30,26",NA
Xu,256,16-8.1,16,8,1,"127,143,179,85,150,75,108,189","0,24,44,40",NA
Xu,256,17-9.1,17,9,1,"127,143,179,85,150,75,108,189,229","0,34,68,68",NA
Xu,256,18-10.1,18,10,1,"127,143,179,213,105,27,46,182,92,194","3,36,114",NA
Xu,256,18-10.2,18,10,2,"127,143,179,213,105,27,46,152,203,214","3,42,102",NA
Xu,256,18-10.3,18,10,3,"127,143,179,213,105,27,46,92,152,203","3,44,98",NA
Xu,256,18-10.4,18,10,4,"127,143,179,85,150,75,108,189,229,7","3,46,92",NA
Xu,256,18-10.5,18,10,5,"127,143,179,213,105,27,46,77,158,185","3,47,95",NA
Xu,256,18-10.6,18,10,6,"127,143,179,213,105,27,46,77,185,234","3,48,94",NA
Xu,256,18-10.7,18,10,7,"127,143,179,85,150,75,108,118,184,234","3,48,96",NA
Xu,256,18-10.8,18,10,8,"127,143,179,213,105,27,46,158,164,185","3,48,102",NA
Xu,256,19-11.1,19,11,1,"127,143,179,213,105,27,46,182,92,194,229","4,48,168",NA
Xu,256,19-11.2,19,11,2,"127,143,179,213,105,27,46,152,203,214,236","4,56,152",NA
Xu,256,19-11.3,19,11,3,"127,143,179,213,105,27,46,152,203,214,92","4,60,144",NA
Xu,256,19-11.4,19,11,4,"127,143,179,213,105,27,46,77,158,185,234","4,64,140",NA
Xu,256,19-11.5,19,11,5,"127,143,179,213,105,27,46,158,164,185,234","4,64,152",NA
Xu,256,20-12.1,20,12,1,"127,143,179,213,105,27,46,182,92,194,229,248","5,64,240",NA
Xu,256,20-12.2,20,12,2,"127,143,179,213,105,27,46,152,203,214,236,92","5,80,208",NA
Xu,256,21-13.1,21,13,1,"127,143,179,213,105,27,46,152,203,214,236,92,45","9,104,268",NA
Xu,256,22-14.1,22,14,1,"127,143,179,213,105,27,46,77,158,185,234,164,88,201","14,137,346",NA
Xu,256,23-15.1,23,15,1,"127,143,179,213,105,27,46,77,158,185,234,201,88,43,236","20,172,450",NA
Xu,256,24-16.1,24,16,1,"127,143,179,213,105,27,46,77,158,185,84,248,166,83,146,165","26,216,584",NA
Xu,256,25-17.1,25,17,1,"127,143,179,213,105,27,46,77,158,185,84,248,166,83,146,165,49","34,262,760",NA
Xu,256,25-17.2,25,17,2,"127,143,179,213,105,27,46,77,158,185,84,248,166,83,146,165,78","34,266,752",NA
Xu,256,26-18.1,26,18,1,"127,143,179,213,105,27,46,77,158,185,84,248,166,83,146,165,78,113","43,325,963",NA
Xu,256,26-18.2,26,18,2,"127,143,179,213,105,27,46,77,158,185,84,248,166,83,146,165,78,124","43,326,960",NA
Xu,256,27-19.1,27,19,1,"127,143,179,213,105,27,46,77,158,185,84,248,166,83,146,165,78,113,124","53,395,1224",NA
Xu,256,28-20.1,28,20,1,"127,143,179,213,105,27,46,77,158,185,84,248,166,83,146,165,78,113,124,228","64,476,1550",NA
Xu,256,29-21,29,21,1,"251,244,174,99,198,27,109,92,133,87,225,73,57,137,62,51,209,148,147,44,74","78,579",NA
Xu,256,30-22,30,22,1,,"93,672",NA
Xu,256,31-23,31,23,1,,"113,792",NA
Xu,256,32-24,32,24,1,,"133,932",NA
Xu,256,33-25,33,25,1,"239,179,188,101,149,63,75,226,121,223,216,30,25,204,182,45,142,228,53,71,118,93,115,167,176","153,1095",NA
Xu,256,34-26,34,26,1,,"176,1280",NA
Xu,256,35-27,35,27,1,,"200,1488",NA
Xu,256,36-28,36,28,1,"239,179,188,101,149,63,75,226,121,223,216,30,25,204,182,45,142,228,53,71,118,93,115,167,233,23,195,141","225,1728",NA
Xu,256,37-29,37,29,1,,"264,2004",NA
Xu,256,38-30,38,30,1,,"297,2304",NA
Xu,256,39-31,39,31,1,,"333,2632",NA
Xu,256,40-32,40,32,1,"253,230,115,186,45,89,156,240,107,62,236,55,95,153,215,146,120,57,200,222,21,134,182,212,168,207,67,101,251,138,15,161","370,3008",NA
Xu,256,41-33,41,33,1,"254,173,31,116,57,147,203,241,86,163,194,142,91,253,71,232,44,43,101,223,99,26,176,39,187,149,193,204,208,85,106,105,150","468,3134",NA
Xu,256,42-34,42,34,1,,"525,3516",NA
Xu,256,43-35,43,35,1,"247,61,91,240,30,143,106,195,86,252,79,54,210,108,180,85,101,232,201,47,177,206,138,113,56,19,174,187,250,173,41,249,151,235,126","598,3882",NA
Xu,256,44-36,44,36,1,"223,124,55,197,113,216,106,230,137,134,189,212,45,149,14,254,146,224,187,131,90,194,243,31,235,167,172,73,176,123,103,182,158,83,170,79","679,4032",NA
Xu,256,45-37,45,37,1,,"760,4792",NA
Xu,256,48-40,48,40,1,"254,179,199,232,153,53,15,102,88,229,171,127,210,201,148,69,41,249,227,54,219,244,81,84,59,76,174,206,141,30,196,107,19,60,114,186,191,167,247,239","1019,6648",NA
Xu,256,51-43,51,43,1,"254,55,79,227,154,106,60,133,109,216,113,191,46,203,156,251,118,230,184,167,69,83,43,182,30,73,233,84,196,179,76,221,164,215,162,50,245,242,134,13,193,21,153","1365,9100",NA
Xu,256,54-46,54,46,1,"253,230,79,55,156,85,108,62,154,233,176,196,159,174,123,67,248,149,137,219,227,254,200,74,239,199,244,114,147,185,224,205,193,234,247,210,167,241,206,150,13,70,92,25,73,41","1769,11152",NA
Xu,256,55-47,55,47,1,"254,47,121,227,180,114,170,223,178,59,103,233,177,151,236,53,25,239,141,165,124,193,224,104,78,56,28,134,127,85,196,22,77,131,62,247,152,199,19,75,208,202,230,251,191,90,31","1911,12240",NA
Xu,256,58-50,58,50,1,"254,107,143,61,216,30,180,211,138,95,196,104,46,185,50,102,251,27,168,101,49,124,146,237,122,21,203,194,76,171,156,193,166,227,131,191,67,73,165,214,241,199,221,81,242,7,119,56,121,186","2534,15120",NA
Xu,256,71-63,71,63,1,"251,94,199,117,232,89,58,173,55,139,21,103,134,133,247,179,77,140,227,27,67,41,170,145,107,84,148,252,206,97,211,161,181,230,208,218,201,87,229,127,108,214,146,194,164,61,221,120,167,115,152,98,159,176,74,35,70,22,46,49,185,242,52","6273,36014",NA
Xu,256,80-72,80,72,1,"251,94,199,117,232,89,58,173,55,139,21,103,134,133,247,179,77,140,227,27,67,41,170,145,107,84,148,252,206,97,211,161,181,230,208,218,201,87,229,127,108,214,146,194,164,61,221,120,167,115,152,98,159,176,74,35,70,22,46,49,185,242,196,82,28,190,118,15,241,37,239,52","10300,65536",NA
Xu,4096,13-1.1,13,1,1,4095,"0,0,0,0,0,0",NA
Xu,4096,14-2.1,14,2,1,"511,3615","0,0,0,0,2,1",NA
Xu,4096,15-3.1,15,3,1,"255,1807,2867","0,0,0,3,4,0",NA
Xu,4096,16-4.1,16,4,1,"255,1807,2867,3413","0,0,0,7,8,0",NA
Xu,4096,17-5.1,17,5,1,"255,1807,2867,3413,3734","0,0,0,14,16",NA
Xu,4096,18-6.1,18,6,1,"2047,2111,2503,2777,2922,3308","0,0,0,45,0",NA
Xu,4096,19-7.1,19,7,1,"2047,2111,2503,2777,2922,3308,2996","0,0,0,78,0",NA
Xu,4096,20-8.1,20,8,1,"2047,2111,2503,2777,2922,3308,2996,3441","0,0,0,130,0",NA
Xu,4096,21-9.1,21,9,1,"2047,2111,2503,2777,2922,3308,2996,3441,3482","0,0,0,210,0",NA
Xu,4096,22-10.1,22,10,1,"2047,2111,2503,2777,2922,3308,2996,3441,3482,3670","0,0,0,330,0",NA
Xu,4096,23-11.1,23,11,1,"2047,2111,2503,2777,2922,3308,2996,3441,3482,3670,3747","0,0,0,506,0",NA
Xu,4096,24-12.1,24,12,1,"2047,2111,2503,2777,2922,3308,2996,3441,3482,3670,3747,3853","0,0,0,759,0",NA
Xu,4096,25-13,25,13,1,"4031,3914,1657,2771,1507,2552,746,347,2913,3273,3186,2206,2693","0,15,196",NA
Xu,4096,26-14,26,14,1,,"0,36,249",NA
Xu,4096,27-15,27,15,1,"4031,3914,1657,2771,1507,2552,2841,2978,1675,1338,3249,2964,238,2125,3212","0,57,309",NA
Xu,4096,28-16,28,16,1,"4031,3429,471,889,3922,3289,303,3622,3459,3384,946,2385,2540,1721,2884,2700","0,90,396",NA
Xu,4096,29-17,29,17,1,"4031,3914,1657,2771,1507,2917,2552,2841,2978,1675,1338,350,742,3158,3533,1984,301","0,130,488",NA
Xu,4096,30-18,30,18,1,"4031,3914,1657,2771,1507,750,2552,3190,2841,1675,3249,3565,4048,3334,3649,2204,1428,3644","0,195,544",NA
Xu,4096,31-19,31,19,1,"4088,1231,3254,3427,4038,1883,1457,1587,3245,2961,3353,3700,2764,3819,3610,3404,957,2142,996","0,282,633",NA
Xu,4096,32-20,32,20,1,"3821,1522,1931,949,223,984,3726,2899,2077,2486,2706,3834,1918,2859,3205,3985,484,3611,3196,2360","0,402,448",NA
Xu,4096,35-23,35,23,1,"3511,890,2734,253,1623,3988,3166,1349,1955,2465,1657,913,671,2789,2119,973,3683,214,1981,2927,3652,1772,3964","0,856,0",NA
Xu,4096,40-28,40,28,1,,"0,2086,0",NA
Xu,4096,41-29,41,29,1,"3447,719,1438,2965,4076,1417,2874,2246,3373,823,2004,2497,744,2478,3506,2698,3647,701,3277,1082,1479,3172,3815,3947,997,3091,2356,2911,1952","0,2460,0",NA
Xu,4096,45-33,45,33,1,,"0,4490,0",NA
Xu,4096,48-36,48,36,1,"4087,2862,1468,2235,3530,1658,866,3451,1707,3166,3589,1423,2601,1684,551,3656,3851,3556,2557,3968,3254,1735,3345,604,1893,3048,471,2630,2869,3313,491,1585,2840,2435,3803,2249","0,6768,0",NA
Xu,4096,65-53,65,53,1,"3006,1245,3924,2159,1441,2808,815,1721,3352,1887,1653,1234,3560,3659,1063,3590,2545,457,997,915,3300,3823,1731,2508,1098,3665,860,3132,1458,429,3382,1555,609,1433,3087,2227,2435,3747,3776,2313,2423,1531,4083,3990,1931,2402,3332,2828,1581,1910,1758,219,1018","2223,21840",NA
Xu,512,10-1.1,10,1,1,511,"0,0,0,0,0,0,1",NA
Xu,512,11-2.1,11,2,1,"127,399","0,0,0,2,1,0,0",NA
Xu,512,12-3.1,12,3,1,"127,399,179","0,0,2,4,1,0,0",NA
Xu,512,13-4.1,13,4,1,"127,399,179,341","0,0,4,8,3,0,0",NA
Xu,512,14-5.1,14,5,1,"127,399,179,341,489","0,0,7,16,7,0,0",NA
Xu,512,15-6.1,15,6,1,"127,391,155,301,206,501","0,0,25,0,30,0",NA
Xu,512,16-7.1,16,7,1,"127,391,155,301,206,188,358","0,0,44,0,45,0",NA
Xu,512,17-8.1,17,8,1,"127,391,155,301,206,188,358,369","0,0,68,0,85,0",NA
Xu,512,18-9.1,18,9,1,"127,391,155,301,206,188,358,369,468","0,0,102,0,153",NA
Xu,512,19-10.1,19,10,1,"127,143,307,181,211,285,327,105,427,473","0,12,84,156",NA
Xu,512,20-11.1,20,11,1,"127,143,307,181,211,285,327,105,427,473,485","0,16,120,240",NA
Xu,512,21-12.1,21,12,1,"127,143,307,181,211,285,327,105,427,473,485,510","0,21,168,360",NA
Xu,512,22-13.1,22,13,1,"127,391,155,301,206,188,358,350,507,105,298,275,369","0,63,189,325",NA
Xu,512,23-14.1,23,14,1,"127,391,155,301,206,188,358,23,340,430,435,90,450,99","0,84,252,445",NA
Xu,512,24-15.1,24,15,1,"127,391,155,301,206,188,358,23,469,380,226,77,441,116,420","2,102,332",NA
Xu,512,25-16.1,25,16,1,"127,143,307,181,211,285,105,427,331,337,39,456,60,453,162,198","4,127,428",NA
Xu,512,26-17,26,17,1,,"6,158",NA
Xu,512,27-18,27,18,1,,"9,195",NA
Xu,512,28-19,28,19,1,,"13,236",NA
Xu,512,29-20,29,20,1,"501,47,440,382,242,361,422,306,189,461,401,270,427,106,343,59,480,222,487,196","17,285",NA
Xu,512,30-21,30,21,1,,"22,337",NA
Xu,512,31-22,31,22,1,,"27,402",NA
Xu,512,32-23,32,23,1,"445,118,345,199,468,59,334,156,497,356,99,430,15,85,383,153,233,165,387,443,261,339,308","35,470",NA
Xu,512,33-24,33,24,1,"445,118,345,199,468,59,334,156,497,356,99,430,15,85,383,153,233,165,387,443,261,339,172,182","43,556",NA
Xu,512,34-25,34,25,1,"493,283,174,87,107,310,220,435,201,462,340,113,416,298,269,104,406,427,181,135,31,505,469,250,496","52,644",NA
Xu,512,35-26,35,26,1,,"60,756",NA
Xu,512,36-27,36,27,1,"493,283,174,87,107,310,220,435,201,462,340,113,416,298,269,104,406,427,181,135,31,505,469,250,140,58,496","72,872",NA
Xu,512,37-28,37,28,1,"319,482,171,327,241,109,472,510,116,23,393,282,308,353,451,313,496,154,86,391,267,429,242,471,495,334,149,75","84,1004",NA
Xu,512,38-29,38,29,1,,"99,1146",NA
Xu,512,39-30,39,30,1,"415,110,333,171,472,421,91,156,338,353,383,390,116,237,7,296,161,99,54,146,394,184,431,211,283,404,350,93,441,337","115,1312",NA
Xu,512,40-31,40,31,1,"445,115,230,295,506,31,333,403,75,297,420,245,383,414,452,488,175,368,497,101,342,92,162,306,120,206,353,168,156,125,459","133,1484",NA
Xu,512,41-32,41,32,1,,"153,1694",NA
Xu,512,42-33,42,33,1,"445,115,230,295,506,31,333,403,75,297,420,245,383,414,452,488,175,368,497,101,342,92,162,306,120,206,125,459,281,208,426,355,255","174,1930",NA
Xu,512,43-34,43,34,1,,"197,2184",NA
Xu,512,44-35,44,35,1,"439,121,227,351,496,426,220,78,201,396,114,308,255,486,364,489,119,445,338,307,56,214,178,455,19,265,348,159,39,285,417,234,262,508,408","222,2440",NA
Xu,512,45-36,45,36,1,"439,121,227,351,496,426,220,78,201,396,114,308,255,486,364,489,119,445,338,307,56,214,178,455,19,265,348,159,39,285,417,234,262,408,279,194","250,2730",NA
Xu,512,46-37,46,37,1,,"280,3051",NA
Xu,512,47-38,47,38,1,"471,122,434,302,283,191,227,462,246,177,135,43,449,77,208,492,344,357,165,496,121,110,228,408,466,397,211,323,473,388,278,31,44,50,184,332,103,506","311,3411",NA
Xu,512,48-39,48,39,1,"382,391,458,465,355,428,443,317,438,326,360,89,461,55,227,14,191,303,500,338,214,417,410,292,101,252,251,277,347,206,409,147,141,176,199,170,268,95,487","346,3775",NA
Xu,512,49-40,49,40,1,"253,286,428,471,155,313,506,372,175,105,209,204,394,71,449,478,117,243,484,339,203,354,468,328,489,438,43,432,423,319,131,268,405,302,15,133,177,151,25,230","384,4175",NA
Xu,512,50-41,50,41,1,"439,109,496,286,155,188,454,227,393,291,255,232,58,339,78,410,245,479,341,91,352,263,141,308,421,175,364,81,297,119,273,379,150,382,473,212,344,482,461,400,102","427,4603",NA
Xu,512,51-42,51,42,1,"501,234,121,314,364,431,220,103,479,169,480,27,166,446,504,109,85,270,158,362,419,335,215,338,428,344,127,406,284,281,410,205,441,426,46,413,293,239,219,294,139,145","468,5088",NA
Xu,512,52-43,52,43,1,"494,307,127,481,471,171,90,252,149,270,198,178,301,358,329,208,219,452,376,395,89,231,280,161,292,180,418,13,193,506,56,432,108,99,46,425,142,404,86,349,403,279,447","521,5600",NA
Xu,512,54-45,54,45,1,"477,59,391,364,410,331,229,309,207,438,86,226,119,441,452,233,279,298,69,186,134,120,491,415,291,467,139,219,500,392,74,346,345,26,431,81,37,261,369,220,286,151,148,21,416","643,6648",NA
Xu,512,61-52,61,52,1,"239,314,457,124,406,484,419,269,240,89,503,195,476,363,86,401,236,59,302,330,324,349,475,138,504,251,90,466,61,79,226,151,167,83,444,354,454,319,157,119,229,41,133,374,359,309,396,360,52,443,510,99","1164,11994",NA
Xu,512,68-59,68,59,1,"494,181,295,223,348,118,443,470,190,449,275,363,224,140,381,237,297,166,131,202,281,290,440,378,242,358,235,115,364,323,318,209,334,196,124,43,91,511,30,249,508,501,179,44,343,438,29,101,398,386,271,325,338,353,137,278,389,266,474","1959,20034",NA
Xu,512,78-69,78,69,1,"505,370,220,279,59,397,419,195,380,267,86,490,453,190,400,420,251,178,145,30,79,503,218,169,61,294,470,467,328,184,76,346,205,213,165,392,463,357,355,217,261,88,367,126,341,74,55,270,345,457,486,386,326,333,208,480,411,305,13,385,274,21,276,142,157,405,280,151,472","3870,37963",NA
Xu,512,87-78,87,78,1,"379,399,87,481,189,358,43,90,418,203,281,439,440,309,180,50,478,365,168,117,76,155,60,460,491,297,97,292,214,262,236,284,499,349,405,304,505,488,344,410,307,319,251,84,69,465,120,279,211,46,7,322,387,19,138,484,274,267,230,310,240,508,352,339,111,370,254,455,49,37,206,335,375,106,428,30,223,457","6407,60906",NA
Xu,512,98-89,98,89,1,"379,248,341,316,94,481,141,407,239,338,454,203,54,242,396,161,329,138,181,304,224,241,418,494,477,215,314,446,374,302,45,233,191,156,186,25,369,501,468,435,506,19,97,458,227,218,292,204,295,511,400,283,125,244,351,309,108,91,365,84,484,453,323,31,436,234,150,49,385,289,112,102,26,441,478,465,421,42,79,424,463,14,122,251,135,286,352,344,11","11409,90646",NA
Xu,512,160-151,160,151,1,"506,206,403,217,342,171,63,269,480,252,283,457,92,365,298,95,81,276,53,390,231,300,400,438,412,478,366,505,475,417,45,466,183,30,380,495,339,279,152,149,359,392,307,137,483,73,440,243,131,166,138,57,317,200,74,168,108,273,58,356,234,120,503,150,193,274,321,485,477,294,455,409,452,116,341,318,410,212,465,395,240,98,486,155,255,140,97,46,420,346,7,389,178,500,430,180,228,29,190,415,246,293,165,270,123,336,437,177,345,126,215,322,423,332,418,429,69,189,218,335,472,303,370,11,70,458,125,19,54,369,297,304,360,82,119,60,492,35,205,383,67,280,363,111,233,203,443,194,143,259,245","85560,1048576",NA
