0,1,2,3,4,5,6,7,8,9,10,11,12,13,14,15,16,17,18,19,20,21,22,23,24,25,26,27,28,29,30,31,32,33,34,35,36,37,38,39,40,41,42,43,44,45,46,47,48,49,50,51,52,53,54,55,56,57,58,59,60,61,62,63,64,65,66,67,68,69,70,71,72,73,74,75,76,77,78,79,80,81,82,83,84,85,86,87,88,89,90,91,92,93,94,95,96,97
35.5058009,,,,,,,,,,,,,,,,,,,,,,,,,,,,,,,,,,,,,,,,,,,,,,,,,,,,,,,,,,,,,,,,,,,,,,,,,,,,,,,,,,,,,,,,,,,,,,,,,
35.53908532,,,,,,,,,,,,,,,,,,,,,,,,,,,,,,,,,,,,,,,,,,,,,,,,,,,,,,,,,,,,,,,,,,,,,,,,,,,,,,,,,,,,,,,,,,,,,,,,,
35.50764248,,,,,,,,,,,,,,,,,,,,,,,,,,,,,,,,,,,,,,,,,,,,,,,,,,,,,,,,,,,,,,,,,,,,,,,,,,,,,,,,,,,,,,,,,,,,,,,,,
29.1070749,,,,,,,,,,,,,,,,,,,,,,,,,,,,,,,,,,,,,,,,,,,,,,,,,,,,,,,,,,,,,,,,,,,,,,,,,,,,,,,,,,,,,,,,,,,,,,,,,
35.63604927,,,,,,,,,,,,,,,,,,,,,,,,,,,,,,,,,,,,,,,,,,,,,,,,,,,,,,,,,,,,,,,,,,,,,,,,,,,,,,,,,,,,,,,,,,,,,,,,,
35.5948099,,,,,,,,,,,,,,,,,,,,,,,,,,,,,,,,,,,,,,,,,,,,,,,,,,,,,,,,,,,,,,,,,,,,,,,,,,,,,,,,,,,,,,,,,,,,,,,,,
35.63792463,,,,,,,,,,,,,,,,,,,,,,,,,,,,,,,,,,,,,,,,,,,,,,,,,,,,,,,,,,,,,,,,,,,,,,,,,,,,,,,,,,,,,,,,,,,,,,,,,
34.67845117,,,,,,,,,,,,,,,,,,,,,,,,,,,,,,,,,,,,,,,,,,,,,,,,,,,,,,,,,,,,,,,,,,,,,,,,,,,,,,,,,,,,,,,,,,,,,,,,,
35.28228597,,,,,,,,,,,,,,,,,,,,,,,,,,,,,,,,,,,,,,,,,,,,,,,,,,,,,,,,,,,,,,,,,,,,,,,,,,,,,,,,,,,,,,,,,,,,,,,,,
35.32469515,,,,,,,,,,,,,,,,,,,,,,,,,,,,,,,,,,,,,,,,,,,,,,,,,,,,,,,,,,,,,,,,,,,,,,,,,,,,,,,,,,,,,,,,,,,,,,,,,
34.83612921,,,,,,,,,,,,,,,,,,,,,,,,,,,,,,,,,,,,,,,,,,,,,,,,,,,,,,,,,,,,,,,,,,,,,,,,,,,,,,,,,,,,,,,,,,,,,,,,,
34.01511784,,,,,,,,,,,,,,,,,,,,,,,,,,,,,,,,,,,,,,,,,,,,,,,,,,,,,,,,,,,,,,,,,,,,,,,,,,,,,,,,,,,,,,,,,,,,,,,,,
35.17320759,,,,,,,,,,,,,,,,,,,,,,,,,,,,,,,,,,,,,,,,,,,,,,,,,,,,,,,,,,,,,,,,,,,,,,,,,,,,,,,,,,,,,,,,,,,,,,,,,
35.22961842,,,,,,,,,,,,,,,,,,,,,,,,,,,,,,,,,,,,,,,,,,,,,,,,,,,,,,,,,,,,,,,,,,,,,,,,,,,,,,,,,,,,,,,,,,,,,,,,,
34.5065194,,,,,,,,,,,,,,,,,,,,,,,,,,,,,,,,,,,,,,,,,,,,,,,,,,,,,,,,,,,,,,,,,,,,,,,,,,,,,,,,,,,,,,,,,,,,,,,,,
33.92196231,,,,,,,,,,,,,,,,,,,,,,,,,,,,,,,,,,,,,,,,,,,,,,,,,,,,,,,,,,,,,,,,,,,,,,,,,,,,,,,,,,,,,,,,,,,,,,,,,
34.65692917,,,,,,,,,,,,,,,,,,,,,,,,,,,,,,,,,,,,,,,,,,,,,,,,,,,,,,,,,,,,,,,,,,,,,,,,,,,,,,,,,,,,,,,,,,,,,,,,,
34.97488006,,,,,,,,,,,,,,,,,,,,,,,,,,,,,,,,,,,,,,,,,,,,,,,,,,,,,,,,,,,,,,,,,,,,,,,,,,,,,,,,,,,,,,,,,,,,,,,,,
34.71483721,,,,,,,,,,,,,,,,,,,,,,,,,,,,,,,,,,,,,,,,,,,,,,,,,,,,,,,,,,,,,,,,,,,,,,,,,,,,,,,,,,,,,,,,,,,,,,,,,
32.0092651,,,,,,,,,,,,,,,,,,,,,,,,,,,,,,,,,,,,,,,,,,,,,,,,,,,,,,,,,,,,,,,,,,,,,,,,,,,,,,,,,,,,,,,,,,,,,,,,,
33.62758516,,,,,,,,,,,,,,,,,,,,,,,,,,,,,,,,,,,,,,,,,,,,,,,,,,,,,,,,,,,,,,,,,,,,,,,,,,,,,,,,,,,,,,,,,,,,,,,,,
34.38966697,,,,,,,,,,,,,,,,,,,,,,,,,,,,,,,,,,,,,,,,,,,,,,,,,,,,,,,,,,,,,,,,,,,,,,,,,,,,,,,,,,,,,,,,,,,,,,,,,
32.3331929,,,,,,,,,,,,,,,,,,,,,,,,,,,,,,,,,,,,,,,,,,,,,,,,,,,,,,,,,,,,,,,,,,,,,,,,,,,,,,,,,,,,,,,,,,,,,,,,,
31.30677768,,,,,,,,,,,,,,,,,,,,,,,,,,,,,,,,,,,,,,,,,,,,,,,,,,,,,,,,,,,,,,,,,,,,,,,,,,,,,,,,,,,,,,,,,,,,,,,,,
30.88402709,,,,,,,,,,,,,,,,,,,,,,,,,,,,,,,,,,,,,,,,,,,,,,,,,,,,,,,,,,,,,,,,,,,,,,,,,,,,,,,,,,,,,,,,,,,,,,,,,
33.54385594,,,,,,,,,,,,,,,,,,,,,,,,,,,,,,,,,,,,,,,,,,,,,,,,,,,,,,,,,,,,,,,,,,,,,,,,,,,,,,,,,,,,,,,,,,,,,,,,,
29.7385969,,,,,,,,,,,,,,,,,,,,,,,,,,,,,,,,,,,,,,,,,,,,,,,,,,,,,,,,,,,,,,,,,,,,,,,,,,,,,,,,,,,,,,,,,,,,,,,,,
29.12396471,,,,,,,,,,,,,,,,,,,,,,,,,,,,,,,,,,,,,,,,,,,,,,,,,,,,,,,,,,,,,,,,,,,,,,,,,,,,,,,,,,,,,,,,,,,,,,,,,
30.56928769,,,,,,,,,,,,,,,,,,,,,,,,,,,,,,,,,,,,,,,,,,,,,,,,,,,,,,,,,,,,,,,,,,,,,,,,,,,,,,,,,,,,,,,,,,,,,,,,,
33.05578863,,,,,,,,,,,,,,,,,,,,,,,,,,,,,,,,,,,,,,,,,,,,,,,,,,,,,,,,,,,,,,,,,,,,,,,,,,,,,,,,,,,,,,,,,,,,,,,,,
29.48300556,,,,,,,,,,,,,,,,,,,,,,,,,,,,,,,,,,,,,,,,,,,,,,,,,,,,,,,,,,,,,,,,,,,,,,,,,,,,,,,,,,,,,,,,,,,,,,,,,
28.89401807,,,,,,,,,,,,,,,,,,,,,,,,,,,,,,,,,,,,,,,,,,,,,,,,,,,,,,,,,,,,,,,,,,,,,,,,,,,,,,,,,,,,,,,,,,,,,,,,,
35.56338405,,,,,,,,,,,,,,,,,,,,,,,,,,,,,,,,,,,,,,,,,,,,,,,,,,,,,,,,,,,,,,,,,,,,,,,,,,,,,,,,,,,,,,,,,,,,,,,,,
35.56341069,,,,,,,,,,,,,,,,,,,,,,,,,,,,,,,,,,,,,,,,,,,,,,,,,,,,,,,,,,,,,,,,,,,,,,,,,,,,,,,,,,,,,,,,,,,,,,,,,
35.529182,,,,,,,,,,,,,,,,,,,,,,,,,,,,,,,,,,,,,,,,,,,,,,,,,,,,,,,,,,,,,,,,,,,,,,,,,,,,,,,,,,,,,,,,,,,,,,,,,
34.66304359,,,,,,,,,,,,,,,,,,,,,,,,,,,,,,,,,,,,,,,,,,,,,,,,,,,,,,,,,,,,,,,,,,,,,,,,,,,,,,,,,,,,,,,,,,,,,,,,,
35.200316,,,,,,,,,,,,,,,,,,,,,,,,,,,,,,,,,,,,,,,,,,,,,,,,,,,,,,,,,,,,,,,,,,,,,,,,,,,,,,,,,,,,,,,,,,,,,,,,,
35.38402283,,,,,,,,,,,,,,,,,,,,,,,,,,,,,,,,,,,,,,,,,,,,,,,,,,,,,,,,,,,,,,,,,,,,,,,,,,,,,,,,,,,,,,,,,,,,,,,,,
35.00989222,,,,,,,,,,,,,,,,,,,,,,,,,,,,,,,,,,,,,,,,,,,,,,,,,,,,,,,,,,,,,,,,,,,,,,,,,,,,,,,,,,,,,,,,,,,,,,,,,
34.32133912,,,,,,,,,,,,,,,,,,,,,,,,,,,,,,,,,,,,,,,,,,,,,,,,,,,,,,,,,,,,,,,,,,,,,,,,,,,,,,,,,,,,,,,,,,,,,,,,,
36.36485968,,,,,,,,,,,,,,,,,,,,,,,,,,,,,,,,,,,,,,,,,,,,,,,,,,,,,,,,,,,,,,,,,,,,,,,,,,,,,,,,,,,,,,,,,,,,,,,,,
35.73856624,,,,,,,,,,,,,,,,,,,,,,,,,,,,,,,,,,,,,,,,,,,,,,,,,,,,,,,,,,,,,,,,,,,,,,,,,,,,,,,,,,,,,,,,,,,,,,,,,
36.12865111,,,,,,,,,,,,,,,,,,,,,,,,,,,,,,,,,,,,,,,,,,,,,,,,,,,,,,,,,,,,,,,,,,,,,,,,,,,,,,,,,,,,,,,,,,,,,,,,,
35.79967108,,,,,,,,,,,,,,,,,,,,,,,,,,,,,,,,,,,,,,,,,,,,,,,,,,,,,,,,,,,,,,,,,,,,,,,,,,,,,,,,,,,,,,,,,,,,,,,,,
35.04823865,,,,,,,,,,,,,,,,,,,,,,,,,,,,,,,,,,,,,,,,,,,,,,,,,,,,,,,,,,,,,,,,,,,,,,,,,,,,,,,,,,,,,,,,,,,,,,,,,
35.30890221,,,,,,,,,,,,,,,,,,,,,,,,,,,,,,,,,,,,,,,,,,,,,,,,,,,,,,,,,,,,,,,,,,,,,,,,,,,,,,,,,,,,,,,,,,,,,,,,,
34.76495103,,,,,,,,,,,,,,,,,,,,,,,,,,,,,,,,,,,,,,,,,,,,,,,,,,,,,,,,,,,,,,,,,,,,,,,,,,,,,,,,,,,,,,,,,,,,,,,,,
34.18402529,,,,,,,,,,,,,,,,,,,,,,,,,,,,,,,,,,,,,,,,,,,,,,,,,,,,,,,,,,,,,,,,,,,,,,,,,,,,,,,,,,,,,,,,,,,,,,,,,
36.19429539,,,,,,,,,,,,,,,,,,,,,,,,,,,,,,,,,,,,,,,,,,,,,,,,,,,,,,,,,,,,,,,,,,,,,,,,,,,,,,,,,,,,,,,,,,,,,,,,,
35.89930873,,,,,,,,,,,,,,,,,,,,,,,,,,,,,,,,,,,,,,,,,,,,,,,,,,,,,,,,,,,,,,,,,,,,,,,,,,,,,,,,,,,,,,,,,,,,,,,,,
36.01335125,,,,,,,,,,,,,,,,,,,,,,,,,,,,,,,,,,,,,,,,,,,,,,,,,,,,,,,,,,,,,,,,,,,,,,,,,,,,,,,,,,,,,,,,,,,,,,,,,
35.66141686,,,,,,,,,,,,,,,,,,,,,,,,,,,,,,,,,,,,,,,,,,,,,,,,,,,,,,,,,,,,,,,,,,,,,,,,,,,,,,,,,,,,,,,,,,,,,,,,,
36.19540988,,,,,,,,,,,,,,,,,,,,,,,,,,,,,,,,,,,,,,,,,,,,,,,,,,,,,,,,,,,,,,,,,,,,,,,,,,,,,,,,,,,,,,,,,,,,,,,,,
35.89970172,,,,,,,,,,,,,,,,,,,,,,,,,,,,,,,,,,,,,,,,,,,,,,,,,,,,,,,,,,,,,,,,,,,,,,,,,,,,,,,,,,,,,,,,,,,,,,,,,
36.01485857,,,,,,,,,,,,,,,,,,,,,,,,,,,,,,,,,,,,,,,,,,,,,,,,,,,,,,,,,,,,,,,,,,,,,,,,,,,,,,,,,,,,,,,,,,,,,,,,,
35.66265895,,,,,,,,,,,,,,,,,,,,,,,,,,,,,,,,,,,,,,,,,,,,,,,,,,,,,,,,,,,,,,,,,,,,,,,,,,,,,,,,,,,,,,,,,,,,,,,,,
35.59030716,,,,,,,,,,,,,,,,,,,,,,,,,,,,,,,,,,,,,,,,,,,,,,,,,,,,,,,,,,,,,,,,,,,,,,,,,,,,,,,,,,,,,,,,,,,,,,,,,
35.69596158,,,,,,,,,,,,,,,,,,,,,,,,,,,,,,,,,,,,,,,,,,,,,,,,,,,,,,,,,,,,,,,,,,,,,,,,,,,,,,,,,,,,,,,,,,,,,,,,,
35.46424976,,,,,,,,,,,,,,,,,,,,,,,,,,,,,,,,,,,,,,,,,,,,,,,,,,,,,,,,,,,,,,,,,,,,,,,,,,,,,,,,,,,,,,,,,,,,,,,,,
33.43784018,,,,,,,,,,,,,,,,,,,,,,,,,,,,,,,,,,,,,,,,,,,,,,,,,,,,,,,,,,,,,,,,,,,,,,,,,,,,,,,,,,,,,,,,,,,,,,,,,
35.5926094,,,,,,,,,,,,,,,,,,,,,,,,,,,,,,,,,,,,,,,,,,,,,,,,,,,,,,,,,,,,,,,,,,,,,,,,,,,,,,,,,,,,,,,,,,,,,,,,,
35.69761982,,,,,,,,,,,,,,,,,,,,,,,,,,,,,,,,,,,,,,,,,,,,,,,,,,,,,,,,,,,,,,,,,,,,,,,,,,,,,,,,,,,,,,,,,,,,,,,,,
35.46684411,,,,,,,,,,,,,,,,,,,,,,,,,,,,,,,,,,,,,,,,,,,,,,,,,,,,,,,,,,,,,,,,,,,,,,,,,,,,,,,,,,,,,,,,,,,,,,,,,
33.44220913,,,,,,,,,,,,,,,,,,,,,,,,,,,,,,,,,,,,,,,,,,,,,,,,,,,,,,,,,,,,,,,,,,,,,,,,,,,,,,,,,,,,,,,,,,,,,,,,,
35.35772492,,,,,,,,,,,,,,,,,,,,,,,,,,,,,,,,,,,,,,,,,,,,,,,,,,,,,,,,,,,,,,,,,,,,,,,,,,,,,,,,,,,,,,,,,,,,,,,,,
35.51327473,,,,,,,,,,,,,,,,,,,,,,,,,,,,,,,,,,,,,,,,,,,,,,,,,,,,,,,,,,,,,,,,,,,,,,,,,,,,,,,,,,,,,,,,,,,,,,,,,
35.22828418,,,,,,,,,,,,,,,,,,,,,,,,,,,,,,,,,,,,,,,,,,,,,,,,,,,,,,,,,,,,,,,,,,,,,,,,,,,,,,,,,,,,,,,,,,,,,,,,,
33.11793882,,,,,,,,,,,,,,,,,,,,,,,,,,,,,,,,,,,,,,,,,,,,,,,,,,,,,,,,,,,,,,,,,,,,,,,,,,,,,,,,,,,,,,,,,,,,,,,,,
35.33770308,,,,,,,,,,,,,,,,,,,,,,,,,,,,,,,,,,,,,,,,,,,,,,,,,,,,,,,,,,,,,,,,,,,,,,,,,,,,,,,,,,,,,,,,,,,,,,,,,
35.50319549,,,,,,,,,,,,,,,,,,,,,,,,,,,,,,,,,,,,,,,,,,,,,,,,,,,,,,,,,,,,,,,,,,,,,,,,,,,,,,,,,,,,,,,,,,,,,,,,,
35.17422519,,,,,,,,,,,,,,,,,,,,,,,,,,,,,,,,,,,,,,,,,,,,,,,,,,,,,,,,,,,,,,,,,,,,,,,,,,,,,,,,,,,,,,,,,,,,,,,,,
33.21726867,,,,,,,,,,,,,,,,,,,,,,,,,,,,,,,,,,,,,,,,,,,,,,,,,,,,,,,,,,,,,,,,,,,,,,,,,,,,,,,,,,,,,,,,,,,,,,,,,
33.88292991,,,,,,,,,,,,,,,,,,,,,,,,,,,,,,,,,,,,,,,,,,,,,,,,,,,,,,,,,,,,,,,,,,,,,,,,,,,,,,,,,,,,,,,,,,,,,,,,,
34.55465047,,,,,,,,,,,,,,,,,,,,,,,,,,,,,,,,,,,,,,,,,,,,,,,,,,,,,,,,,,,,,,,,,,,,,,,,,,,,,,,,,,,,,,,,,,,,,,,,,
33.88381949,,,,,,,,,,,,,,,,,,,,,,,,,,,,,,,,,,,,,,,,,,,,,,,,,,,,,,,,,,,,,,,,,,,,,,,,,,,,,,,,,,,,,,,,,,,,,,,,,
33.34180215,,,,,,,,,,,,,,,,,,,,,,,,,,,,,,,,,,,,,,,,,,,,,,,,,,,,,,,,,,,,,,,,,,,,,,,,,,,,,,,,,,,,,,,,,,,,,,,,,
33.47660353,,,,,,,,,,,,,,,,,,,,,,,,,,,,,,,,,,,,,,,,,,,,,,,,,,,,,,,,,,,,,,,,,,,,,,,,,,,,,,,,,,,,,,,,,,,,,,,,,
34.36782552,,,,,,,,,,,,,,,,,,,,,,,,,,,,,,,,,,,,,,,,,,,,,,,,,,,,,,,,,,,,,,,,,,,,,,,,,,,,,,,,,,,,,,,,,,,,,,,,,
33.47750526,,,,,,,,,,,,,,,,,,,,,,,,,,,,,,,,,,,,,,,,,,,,,,,,,,,,,,,,,,,,,,,,,,,,,,,,,,,,,,,,,,,,,,,,,,,,,,,,,
33.0370505,,,,,,,,,,,,,,,,,,,,,,,,,,,,,,,,,,,,,,,,,,,,,,,,,,,,,,,,,,,,,,,,,,,,,,,,,,,,,,,,,,,,,,,,,,,,,,,,,
28.36318301,,,,,,,,,,,,,,,,,,,,,,,,,,,,,,,,,,,,,,,,,,,,,,,,,,,,,,,,,,,,,,,,,,,,,,,,,,,,,,,,,,,,,,,,,,,,,,,,,
28.91661171,,,,,,,,,,,,,,,,,,,,,,,,,,,,,,,,,,,,,,,,,,,,,,,,,,,,,,,,,,,,,,,,,,,,,,,,,,,,,,,,,,,,,,,,,,,,,,,,,
28.38001885,,,,,,,,,,,,,,,,,,,,,,,,,,,,,,,,,,,,,,,,,,,,,,,,,,,,,,,,,,,,,,,,,,,,,,,,,,,,,,,,,,,,,,,,,,,,,,,,,
28.06515512,,,,,,,,,,,,,,,,,,,,,,,,,,,,,,,,,,,,,,,,,,,,,,,,,,,,,,,,,,,,,,,,,,,,,,,,,,,,,,,,,,,,,,,,,,,,,,,,,
28.17161194,,,,,,,,,,,,,,,,,,,,,,,,,,,,,,,,,,,,,,,,,,,,,,,,,,,,,,,,,,,,,,,,,,,,,,,,,,,,,,,,,,,,,,,,,,,,,,,,,
28.68428729,,,,,,,,,,,,,,,,,,,,,,,,,,,,,,,,,,,,,,,,,,,,,,,,,,,,,,,,,,,,,,,,,,,,,,,,,,,,,,,,,,,,,,,,,,,,,,,,,
28.190695,,,,,,,,,,,,,,,,,,,,,,,,,,,,,,,,,,,,,,,,,,,,,,,,,,,,,,,,,,,,,,,,,,,,,,,,,,,,,,,,,,,,,,,,,,,,,,,,,
27.87806267,,,,,,,,,,,,,,,,,,,,,,,,,,,,,,,,,,,,,,,,,,,,,,,,,,,,,,,,,,,,,,,,,,,,,,,,,,,,,,,,,,,,,,,,,,,,,,,,,
29.34386212,,,,,,,,,,,,,,,,,,,,,,,,,,,,,,,,,,,,,,,,,,,,,,,,,,,,,,,,,,,,,,,,,,,,,,,,,,,,,,,,,,,,,,,,,,,,,,,,,
29.05883133,,,,,,,,,,,,,,,,,,,,,,,,,,,,,,,,,,,,,,,,,,,,,,,,,,,,,,,,,,,,,,,,,,,,,,,,,,,,,,,,,,,,,,,,,,,,,,,,,
28.92295353,,,,,,,,,,,,,,,,,,,,,,,,,,,,,,,,,,,,,,,,,,,,,,,,,,,,,,,,,,,,,,,,,,,,,,,,,,,,,,,,,,,,,,,,,,,,,,,,,
28.70133501,,,,,,,,,,,,,,,,,,,,,,,,,,,,,,,,,,,,,,,,,,,,,,,,,,,,,,,,,,,,,,,,,,,,,,,,,,,,,,,,,,,,,,,,,,,,,,,,,
33.10711378,,,,,,,,,,,,,,,,,,,,,,,,,,,,,,,,,,,,,,,,,,,,,,,,,,,,,,,,,,,,,,,,,,,,,,,,,,,,,,,,,,,,,,,,,,,,,,,,,
33.21305724,,,,,,,,,,,,,,,,,,,,,,,,,,,,,,,,,,,,,,,,,,,,,,,,,,,,,,,,,,,,,,,,,,,,,,,,,,,,,,,,,,,,,,,,,,,,,,,,,
33.40776692,,,,,,,,,,,,,,,,,,,,,,,,,,,,,,,,,,,,,,,,,,,,,,,,,,,,,,,,,,,,,,,,,,,,,,,,,,,,,,,,,,,,,,,,,,,,,,,,,
33.109442,,,,,,,,,,,,,,,,,,,,,,,,,,,,,,,,,,,,,,,,,,,,,,,,,,,,,,,,,,,,,,,,,,,,,,,,,,,,,,,,,,,,,,,,,,,,,,,,,
28.09296604,,,,,,,,,,,,,,,,,,,,,,,,,,,,,,,,,,,,,,,,,,,,,,,,,,,,,,,,,,,,,,,,,,,,,,,,,,,,,,,,,,,,,,,,,,,,,,,,,
27.90445932,,,,,,,,,,,,,,,,,,,,,,,,,,,,,,,,,,,,,,,,,,,,,,,,,,,,,,,,,,,,,,,,,,,,,,,,,,,,,,,,,,,,,,,,,,,,,,,,,
35.49149435136214,35.52670484272174,35.49596124460331,28.28789793054031,35.63660117311228,35.58812635374657,35.6359566458048,34.919052507320835,35.28114925468339,35.32449844138048,34.97831715350462,33.956498618320815,35.171039570497996,35.228524583215595,34.635221253448115,33.88030238399966,34.6508502763106,34.970933211650596,34.75396622673418,32.099131643163446,33.61066393589946,34.3797186385863,32.2994546029001,31.376723228310077,30.766635576849673,33.51382182565586,29.659813468348144,28.21224951672209,30.447305082853408,33.020543946290225,29.39948250081167,27.97909273885105,35.5507881193132,35.55147724408401,35.53956703426638,34.444988878660055,35.21806753223838,35.38676530511476,35.09433125426256,34.03478732263461,36.360783432505734,35.72852441017306,36.13903237343018,35.42246091936024,35.06455705187953,35.31093709880704,34.84299728755389,33.95312864665422,36.18988709082785,35.891478884798026,36.03005035466351,35.47234955691562,36.190960662180196,35.891857906174145,36.03084399359931,35.473436363918715,35.59761909496258,35.69662880778253,35.517940580395425,33.42698354316613,35.59921762398279,35.69782472845912,35.51718051230876,33.43118433176516,35.35422905703074,35.51125612064935,35.22860013875142,33.12474382089668,35.3337619102488,35.50073613299146,35.17456536010218,33.20464926020507,33.95239905562525,34.96206950222752,33.93288554388417,33.28874653188612,33.55289291941667,34.814763820748674,33.53156310535208,32.97523936229164,28.133648804860236,29.471512327147135,28.265059950702103,26.739024483866196,27.934738974297336,29.178994675825134,28.070133870921314,26.55341474114582,29.11995587354366,28.799393629311886,28.102361407792827,27.874494176156272,33.12738442992219,33.201322783446216,33.290657462929516,32.97746261565763,26.775486844518813,26.589005885817908
35.46958357974914,35.51312436318775,35.47571763720007,27.61021075897523,35.643684685723265,35.58669367132202,35.641667911176505,35.06161523286364,35.28029235359942,35.3229707263443,34.96553493565724,33.919772420294485,35.16932463610368,35.22624396865792,34.61507567817566,33.85484628877807,34.650056193231286,34.969717002791946,34.74954760728195,32.13561763754302,33.596648390028506,34.37130070590477,32.220583527557956,31.39483216921605,30.532917741151284,33.445866125541436,29.4187235573316,27.454786595390356,30.208921138043383,32.946610417010696,29.152864557895832,27.21815655520848,35.543502700416624,35.54402762011277,35.533758010767805,34.30431274928265,35.219640844187474,35.383809672621666,35.08872416207538,33.92295335196778,36.35580657238655,35.72143732732943,36.13880026886277,35.14741915717817,35.06491723955391,35.30738205938531,34.83315037791675,33.86398205171895,36.185398693196476,35.88512323670711,36.03066643448578,35.31506508859349,36.18642209687731,35.88548488063434,36.03112039011251,35.31602230424167,35.60546505177788,35.69970418962325,35.52651619255775,33.41479519707716,35.60631224933355,35.700396239527755,35.524650546799315,33.41879494566729,35.35428115300924,35.51266446243562,35.23371100765294,33.12751724527538,35.332926528134585,35.50143758880121,35.179428449454484,33.1894362137393,34.00919617304998,34.98294206131579,33.9926263480803,33.24471354053481,33.615650180042145,34.83726513345465,33.59730769225892,32.92394622130683,27.644295938974597,29.200830427737113,27.905022080693822,25.80254993444495,27.438625149324828,28.893200518128474,27.703311291380512,25.615415348991053,28.55294661593025,28.22032702165817,27.329523330068444,27.098063359616624,33.12945421052061,33.18562711178073,33.24624596447064,32.925732286821074,25.83606619720062,25.64815763339505
35.445295945418884,35.4992854394924,35.45198263889365,27.0439835176672,35.651889532736476,35.58671170634862,35.649661763414834,35.14999844394769,35.278727781000825,35.31999260492975,34.95421525585782,33.89645526057599,35.16678006323472,35.222270946870964,34.59313181965962,33.839171308754814,34.651560729862936,34.96905201402946,34.74673379709065,32.13093846234144,33.581114254539884,34.361404266922605,32.1003351969642,31.372908132051666,30.239028299203948,33.35128843661699,29.05733396902137,26.80504948493462,29.910193137094517,32.84493785764444,28.785878567539665,26.564719206840234,35.53756979397409,35.53800861990891,35.52736241013487,34.21215251235637,35.21526170805123,35.37860461286194,35.08091380321308,33.87807634998386,36.350575223085606,35.71550725794635,36.13653592257514,34.942505343612446,35.058316003775495,35.3010820570328,34.818930071458595,33.828957769085214,36.18087873486343,35.879620617120864,36.02967689478693,35.18274237777661,36.1818473119673,35.879963167204956,36.02983371738566,35.183589645436925,35.61296686956608,35.70282019242645,35.534659956035256,33.401840417337155,35.61306743822729,35.70301085157709,35.53172438361715,33.40560981541006,35.35691770381044,35.51549442911031,35.240285265420255,33.127162527905824,35.33437520670831,35.503397269609685,35.185443219838604,33.17289172927712,34.05443035507765,35.00088147508141,34.04113486404026,33.20932466476087,33.66639668808739,34.85659530709436,33.65146005806193,32.88270090436485,27.086052914614044,29.033512302519185,27.40196639467026,25.030172409733666,26.874089148463575,28.710253244639812,27.193781245777068,24.840450030399467,28.042494682593397,27.699994776716853,26.67282265199012,26.437486757803363,33.12858037269023,33.168761812362106,33.210561742126174,32.8841422898535,25.06082886992146,24.8704333712197
35.4210353799237,35.48593489980199,35.42766464275721,26.569347353150995,35.65914549068228,35.58689854153945,35.6572068284693,35.20595683907069,35.276639819324885,35.31656918581558,34.94494441719012,33.88181521569916,35.16332699434839,35.21736937396148,34.57096272199193,33.8296950940882,34.65397893053025,34.96867426346968,34.74532174625894,32.09859905414159,33.561677432656076,34.349072310476444,31.95761914070443,31.32361168578861,29.915900600288104,33.24213205226678,28.64219998169727,26.234412958142617,29.581909095882324,32.727009912533774,28.365078358293218,25.990116449196414,35.53252441404554,35.53289983941788,35.5211198404996,34.152270482225035,35.20961217747631,35.37322615020971,35.07350669237919,33.86134076283499,36.34551519261472,35.71034277201806,36.13401254043956,34.78877397421661,35.049117488067516,35.29395343807512,34.80328094992377,33.81635810206753,36.176438155625206,35.87465351856285,36.02840968838269,35.070995478909715,36.17734808260066,35.874975606029786,36.02827870207057,35.07174858481233,35.62005858606591,35.7058467286382,35.542322486384506,33.388457585392956,35.61942285826651,35.70554231845734,35.53835263086549,33.391970078859735,35.36141263122414,35.51929760117638,35.24774498872321,33.124700094383314,35.33747011252475,35.50621737087921,35.192101579271586,33.15580025557594,34.09073512764923,35.01627331143668,34.08004184122896,33.18067133634394,33.70771791433521,34.873129307097514,33.69553149401793,32.84936262232143,26.53224353612986,28.94824006792005,26.85670786850397,24.349175522264964,26.313895257629298,28.607976442090806,26.642156432078096,24.1562719171839,27.59714683629623,27.244996480884563,26.09776242396189,25.85828301291289,33.12573226853754,33.151465793916046,33.181676538754765,32.85053083126674,24.37679966599762,24.18332402367168
35.398091363340576,35.473534997722496,35.40433505772047,26.170458222281734,35.664813479998635,35.58683385083914,35.66331314924826,35.24190992701289,35.27435269470129,35.31320668633631,34.93722577961212,33.872845023022684,35.15915874328377,35.21199397638134,34.54904759641673,33.824148425069076,34.6564826125618,34.96838614091623,34.744560186353695,32.04802947399568,33.53740562695663,34.333989272794035,31.80615404312948,31.255627995111066,29.58237126496352,33.126505880747665,28.215670272308838,25.72274643772398,29.242748834043283,32.600666116528245,27.93260118641366,25.474196096897035,35.52818664361338,35.52851027395148,35.51521837840641,34.11408181247175,35.20426201406957,35.368357628064274,35.06702608958866,33.856578473206106,36.340905166694554,35.70584535867481,36.13154396216382,34.673001476861124,35.03908212210007,35.28677278884143,34.78732404623783,33.81302855885501,36.172165733964505,35.87018051760243,36.02706791866886,34.97638134176429,36.17301369263438,35.87048095777192,36.02665562463591,34.977053108933475,35.62671631698261,35.70875292807363,35.549505906474856,33.37487822231137,35.62535845942008,35.707962395733375,35.54453747862873,33.378109916799836,35.36722412112096,35.523764188206286,35.25576803961397,33.12084967848502,35.341735574198374,35.50962528994777,35.19914103786569,33.13869243997355,34.12008319536431,35.02961852403894,34.111425451353476,33.15731806345635,33.74158164740006,34.8873900439053,33.73157987597984,32.822301288955444,26.009942140098055,28.930542338610923,26.321277089125875,23.73025762805133,25.78484204915218,28.571659820527564,26.100154984575084,23.533731849745962,27.201887564885862,26.839951213700783,25.58269710927937,25.33880097557471,33.121594624597655,33.13423790910706,33.158139937014944,32.8232516939734,23.75455749653012,23.557562765623103
35.37710107011025,35.46230200747799,35.382798879136665,25.83446769381109,35.66888216753071,35.586427232535165,35.66781371090729,35.26519265008893,35.27211704442331,35.31012905090694,34.930691586101766,33.86760084829736,35.15450023854466,35.206410708624034,34.52762447654041,33.82107611527537,34.658567655291804,34.96802584667435,34.74394799381371,31.98560480896501,33.50817235784824,34.31619295929346,31.65344378533597,31.17477029604686,29.249812978466768,33.00942356575185,27.79944593302865,25.256821687412064,28.90395319548364,32.47091147362482,27.509961269226437,25.003698029630982,35.524436547213824,35.52471670862012,35.50972653034223,34.09052494069645,35.19962095206527,35.364140907861916,35.061487979750865,33.85687892849816,36.33690613971455,35.70195252347061,36.129256032951204,34.58567989602941,35.02892882168638,35.279834578389,34.77154072548509,33.813414599985194,36.16812152515443,35.86618197845058,36.02573127211434,34.89612750936413,36.16890463327728,35.86645974184558,36.025044139554275,34.89672843356334,35.63293966028505,35.711531416391814,35.55622543062011,33.361262882141794,35.63087652093107,35.71026555151203,35.550294320709966,33.3641924448263,35.37393905383659,35.52866557787102,35.26411586256365,33.11612452002437,35.34680906887219,35.51342079125732,35.20637128538444,33.12192506981878,34.14398701510399,35.04130728877469,34.13692488631049,33.13816572089915,33.76952096273989,34.89979313376905,33.76125748995269,32.80025358708616,25.528610692472935,28.972475349075214,25.818027873572372,23.160750044008786,25.2962320766192,28.593197155203143,25.58991490169768,22.960193057271493,26.844850119209283,26.472816821545774,25.1140679180936,24.865454067068697,33.11665559789524,33.11741199012151,33.138841742652666,32.80102945365325,23.18141718932644,22.980498005932393
35.358313030420234,35.452299689314096,35.36340482220009,25.550859396977234,35.67158120306323,35.585720149144066,35.67087917788106,35.28026997981589,35.2700867094835,35.307421535329325,34.925101747939635,33.86481123852511,35.14954310990654,35.20078175992947,34.50681676996336,33.81954013377508,34.65994045404946,34.967475985490076,34.743181822247166,31.915681665954057,33.47426064431648,34.29589833883799,31.50329993081134,31.08501468878488,28.924981529239044,32.89389196839486,27.403745291209635,24.828081755008967,28.57218479637806,32.34088982733118,27.107244786764998,24.57002403682446,35.521187268967495,35.52143014287857,35.50467072418386,34.076827077258834,35.19570928587035,35.360541512207426,35.05678155989437,33.859245718202494,36.33360349362443,35.69861248281337,36.1272213241034,34.519838595193455,35.018955781896636,35.27324174511451,34.756144600406905,33.815164241472274,36.16434622004927,35.86263865960027,36.02445186705977,34.82796678786221,36.16506199295113,35.862892857812845,36.023496588147246,34.82850551165868,35.63874463073409,35.71418610946335,35.56250569283823,33.34772382154969,35.63599495527915,35.712457015760144,35.55564791144561,33.350332372973554,35.38124428124102,35.53383293711022,35.27260976670506,33.11089164618875,35.352416527048796,35.51745691559685,35.21365272616118,33.10573290674157,34.163615825834356,35.05164630731667,34.15780822895679,33.12236402964014,33.792739650927665,34.91067159451334,33.785862980408744,32.78223063204124,25.090785519207383,29.067804949204763,25.355300679768682,22.634616915200876,24.850495668371053,28.66627654323647,25.119635122650692,22.42960430510094,26.518153251711226,26.135578326429336,24.683264731583513,24.429591195319716,33.111263895093956,33.10120593327386,33.122923328667135,32.782865982899246,22.6513710502962,22.446107970398934
35.341748889180366,35.443502704452634,35.34623298064425,25.310979519233346,35.673201899329534,35.584796330633786,35.67278685687391,35.28993772346991,35.268338098994676,35.305101166284494,34.92028498892082,33.86363660745211,35.144433057043166,35.19520833462933,34.48668792491611,33.8189351577546,34.66044308995435,34.9666586720992,34.742083106711156,31.841283773725,33.43614366426425,34.27339756017401,31.357650347743277,30.98915929201785,28.611789017857895,32.78167255051721,27.033042149315953,24.43092397059264,28.251300556275208,32.21256471720598,26.728838600823327,24.167527505617887,35.51837115649052,35.51858165036985,35.50005511950261,34.06973880164456,35.192437902523295,35.357480630616266,35.05277694548277,33.86236950523129,36.331030394811705,35.695778244425874,36.1254822562533,34.470298215509224,35.00928769618561,35.267021266267854,34.741231951786865,33.81729136775634,36.16086542284478,35.85952937220869,36.02326701907943,34.77002665240859,36.161511742210465,35.859759246726476,36.02205050737464,34.77051032872608,35.644155912569055,35.716726140820846,35.56837592749775,33.33434002355439,35.640739790285664,35.71454686276501,35.56062747998539,33.3366110183838,35.388902246871645,35.539141064956105,35.281116136826746,33.10541292168308,35.35835070972264,35.521625396917315,35.2208834695301,33.09026434514192,34.17987749629282,35.06087759414803,34.175059138468335,33.109250907211454,33.81218662988581,34.920292938821206,33.80641921923909,32.767453601031015,24.696156106890964,29.210241014547176,24.935299456877136,22.148545586852997,24.447248009793235,28.784612338990566,24.691423323129353,21.938620134513723,26.216608769531447,25.822942871268516,24.284667796110373,24.025547575400672,33.10566782701164,33.08575561657908,33.10971624692437,32.76797532412938,22.161155586961314,21.951097149485268
35.32730204192509,35.435835896836906,35.33120917008688,25.107650878984582,35.674020722002545,35.58374222600363,35.6738184395532,35.2959952580109,35.26689529150795,35.30315121186097,34.91610688879079,33.86351714687298,35.13927506698656,35.189753747325085,34.467268576549415,33.818870957474296,34.66000673310433,34.965527492482735,34.74055201044623,31.76453953558476,33.39437375792436,34.24900963399223,31.217476768830384,30.88923217329001,28.312385310708667,32.6737582995051,26.68894147925305,24.061536230509734,27.943427765781365,32.0871537600323,26.37629569814985,23.792356016168384,35.515932891814145,35.51611502929459,35.495869377644915,34.067036406630685,35.18970158249206,35.35487780374973,35.049354649075084,33.8656774146019,36.329183572358424,35.69340482135953,36.124059794252794,34.43316313538361,34.99997577772609,35.26117010280264,34.72684512809261,33.819394489777366,36.15769273172697,35.856830028224735,36.02220268330415,34.72074211257934,36.15826781925456,35.8570349409985,36.02073203131913,34.721176683461245,35.649202348485225,35.71916275443681,35.57386685217975,33.32116705343822,35.645140783096124,35.71654699205157,35.56526356042076,33.323086165824975,35.39673309415395,35.54449752862898,35.289535799735766,33.0998738158161,35.364455281954235,35.52584693823505,35.22799007105588,33.07560568336971,34.19348116369213,35.06919393174856,34.18944526816277,33.09830654462957,33.828614280200114,34.92887390132813,33.823736618111596,32.755304285344415,24.343119115360462,29.39294004166455,24.557525569592574,21.700327235012587,24.084836310602896,28.941439677350623,24.3047156207614,21.484995043406844,25.936684684519744,25.531303516003494,23.91443335891766,23.64943743267446,33.100042722920705,33.07113798376247,33.09869578333338,32.75573370218862,21.70862186414578,21.493280150223743
35.3147974952349,35.4291883594256,35.31817537554623,24.934895781370106,35.67426927139899,35.58262186136627,35.67421864903892,35.29962775766746,35.265724232920824,35.301502576643635,34.91084875068654,33.86407458947446,35.13411732212708,35.1844214699707,34.44704095356465,33.81909524172097,34.65861441926831,34.96404249816482,34.73820773368781,31.68688379067106,33.34952047306514,34.223037635124115,31.083232115340465,30.78666967656498,28.02779385445875,32.57065863052083,26.371383347307187,23.716707992289916,27.649593740886395,31.965392616559487,26.049537008029507,23.441276095660342,35.513800950249,35.51396271839521,35.4919660947019,34.06719449991965,35.18727729702467,35.35258995923534,35.045568928428935,33.86891197707603,36.3280346195459,35.69143729440849,36.12295922007877,34.405478971808414,34.9909141967433,35.25560331571154,34.71218724905833,33.82131247450536,36.15483214799272,35.854508317755865,36.02127565112064,34.67879532531362,36.155334541327306,35.85468774338538,36.01955808033597,34.67918574148118,35.653913683760734,35.72150213043301,35.579011715538655,33.30824352515267,35.64922825404774,35.71846396412649,35.5695890372691,33.30979853014331,35.40460142356636,35.549828464088165,35.297796051141404,33.09440354824836,35.37061299785766,35.53005744423747,35.234920585519575,33.061798485749165,34.204982337292535,35.076745076787034,34.201567305865716,33.08912048916808,33.84262073283625,34.93658515487818,33.83845875879332,32.745289476876984,24.027384908855858,29.550258028564706,24.219510893672656,21.29024864037815,23.759006499886834,29.07306242881629,23.957025797176097,21.068917612204622,25.671978905404416,25.254459805126444,23.568219148141903,23.29691586611658,33.094510184171604,33.05738763284216,33.08944769524495,32.745643552281244,21.29532995488361,21.074081062082044
35.304005761895645,35.42333354325308,35.30692158262054,24.787871048017355,35.67409117114435,35.581367037906894,35.67415594311564,35.30161069812102,35.26458276136474,35.29980285514181,34.9019681127089,33.86502854341964,35.12880143644436,35.17893202464513,34.42369450587536,33.819422153083146,34.65621077331807,34.962021331666364,34.73399093604347,31.60856607339522,33.30207939432972,34.195626661505884,30.954270858798495,30.681834528648736,27.75806122735696,32.47247134074398,26.076299693562536,23.391694453706275,27.369872164875378,31.847598906777552,25.744595930088582,23.109569588185686,35.51171615360972,35.51188078702614,35.487821573712225,34.06916506519666,35.184266057685335,35.35005065716032,35.039567459057864,33.87185702961629,36.32753573145362,35.68968806757987,36.12217386648302,34.3850307862421,34.981318129126365,35.24981054987368,34.695571445390875,33.822889331219294,36.1522780486195,35.85245316457384,36.02049442721403,34.64310552442649,36.15270657124718,35.85260667767945,36.01853728318692,34.643455946983046,35.65831181029584,35.723727093700326,35.583830790523486,33.295594150192635,35.65302452554959,35.72028100085981,35.573623819922915,33.29677474300934,35.412403595504,35.55507541343629,35.30584170363444,33.08908780017849,35.37673422478668,35.5342067873745,35.241636443199006,33.048854867129094,34.21480734842647,35.083646002329445,34.21188616569802,33.081374565415125,33.854671555330285,34.943562004887376,33.85108635313819,32.73702363800058,23.72736938626166,29.45971482673676,23.90824826016785,20.926337787970322,23.448763044828432,28.96396802011357,23.63566267896687,20.698086088041755,25.40536399574939,24.976203904627834,23.240426498239714,22.96241798985174,33.08915039629313,33.04451183715375,33.081651013099986,32.73731606983672,20.930848189467422,20.70269016065649
35.294651490055834,35.41806997273195,35.297180989065836,24.662483051040258,35.67354996908515,35.579922345530264,35.67371289235992,35.30245208068703,35.26332749669058,35.29791567965844,34.89324258440141,33.86617022391752,35.12324891393189,35.173197584127294,34.40069497060236,33.81971697013711,34.65276857788588,34.95936742836511,34.72900113673142,31.529852928176354,33.2524248895796,34.16692371553411,30.828767718259275,30.575132359105783,27.502709584847747,32.37901437919221,25.796663535917205,23.08567367344405,27.103828243250053,31.73378502977873,25.454644192271864,22.79637486561485,35.50956998423616,35.5097394268017,35.4837393785728,34.07222720028017,35.180721563238734,35.3472168910397,35.033379729260055,33.87439428398982,36.327626195085536,35.688024779997114,36.12168462316821,34.370112209483885,34.971275950544786,35.243766173227755,34.678909482937854,33.824044032372555,36.15001639038288,35.850563026188844,36.01985715213835,34.61275181910289,36.15037013341343,35.85069029649573,36.017667867026994,34.6130657534818,35.662410732011026,35.72581217314659,35.58833917817937,33.28323216123553,35.65654383074788,35.7219728434534,35.5773825186827,33.28402985904883,35.420061234981524,35.56018386073258,35.313632034015356,33.08398061521469,35.382751379092404,35.53824649356925,35.248110384434,33.03676301047605,34.22329389297929,35.08998096271964,34.22076687222615,33.07481211711316,33.86514153575207,34.94990576674068,33.862022331779144,32.73019351309557,23.434759005070482,29.30520294130265,23.609560743223547,20.59788202750513,23.14599581627764,28.79253643727581,23.32682073461802,20.362042134283623,25.148079574035272,24.70694721904068,22.93275155827663,22.647547390172292,33.08401313191502,33.03249497509873,33.07504681329118,32.7304353269819,20.601994485883523,20.366255387574263
35.286488252990885,35.41329257154306,35.28869661046268,24.55524865881908,35.67269980910011,35.57831496454254,35.672946076013126,35.30248471949888,35.26191894168799,35.29586916470028,34.8848151183793,33.867366464253074,35.11746371109542,35.167270237216684,34.378118995638175,33.819903802164475,34.64831644870761,34.95610414824515,34.72340203339261,31.45140767570619,33.20085798334979,34.13710904255223,30.705853748824772,30.467349451646403,27.261211357114288,32.290101294919694,25.529669561263567,22.798033692871268,26.85098078759661,31.62390622902839,25.176954020275392,22.50106010684455,35.507375204096824,35.50754798181879,35.47976300803388,34.07590605592649,35.17690640805242,35.34422361754144,35.02721324373416,33.8765494903726,36.32824622700367,35.68643830604009,36.12146799932702,34.35941053368032,34.961037763747,35.237599399463775,34.662371222179374,33.824819207971316,36.148031990853255,35.848820318522066,36.01935762665639,34.5869456356098,36.14831029628154,35.84892110569406,36.016943657317015,34.587226036713325,35.66622627114655,35.72775629982513,35.592557088688785,33.27116437297252,35.65980200980244,35.723538354104306,35.580884715938694,33.27157241705935,35.42752008908729,35.56511748762965,35.321141710879736,33.079114730496556,35.38861828233101,35.54214397529582,35.25432777362274,33.02549525194154,34.23070993412168,35.09582078850969,34.22849886201364,33.069225286883245,33.87433261142848,34.95570074090191,33.87159119584024,32.72454352378543,23.153209216672185,29.147316323803757,23.32139415807256,20.29522791355364,22.854207088365044,28.617587530087363,23.02845997636177,20.051366271288874,24.90432473893666,24.45058233298172,22.64399018827422,22.351095600582898,33.07912778278343,33.02130641901733,33.06942540310151,32.72474356369351,20.299038516875598,20.05528258063576
35.279316733002254,35.40892664881089,35.28125708057181,24.4632814122175,35.6715952740486,35.576580301582545,35.67191012498503,35.3019299421658,35.26035578919887,35.29369825802089,34.876695196221604,33.86853701635454,35.1114758933119,35.161202369024,34.35600454483882,33.819945524481035,34.6429083820213,34.952275460088785,34.71723544292575,31.37383361395013,33.14766141778095,34.10635606072648,30.58564652103948,30.359211117783733,27.033025989472833,32.205568341929926,25.275396101249374,22.527714382999243,26.610834363724425,31.517907579471032,24.911597920499887,22.222570539378825,35.50515290209144,35.50532748611506,35.4759032254167,34.07989524160312,35.172974283870765,35.34115771692138,35.0211494352809,33.87838891736352,36.32934091965408,35.68493296484577,36.121502034294174,34.35193121849056,34.950750942653805,35.23139393490862,34.64604946665942,33.82528762440104,36.146310914204705,35.84722251149913,36.018990255026466,34.565026824973906,36.14651335456551,35.847296656700586,36.01635904943932,34.565276196552844,35.66977697154224,35.72957057960192,35.596502705330295,33.25939413470358,35.662817513756856,35.72498857239149,35.58414786420191,33.25940735557702,35.43474438357794,35.569861311060166,35.3283570145887,33.07450819329993,35.39430509631939,35.54588735063863,35.260283223321565,33.01501630691252,34.23726390909008,35.10123007292228,34.23530738899177,33.064449276630256,33.88248285364789,34.9610241172921,33.880049028273085,32.71986966856242,22.885129051421046,28.995279782528076,23.045568873927927,20.01322794077847,22.57569901096461,28.448126043320894,22.742306801283195,19.761018197740114,24.674201569796114,24.207182602390784,22.372801132354784,22.07173281660903,33.074509859232656,33.010908707078926,33.064620556635795,32.720035062046975,20.01678846988917,19.764688360595155
35.272976943029974,35.404915954220186,35.274692872052896,24.384193298230468,35.67028745194471,35.5747508129425,35.670656735581105,35.30094101813071,35.25865355789302,35.29143547722455,34.86886762174851,33.86963537679387,35.10532619892346,35.155043139697554,34.334380818441524,33.819828191631856,34.636613159075694,34.94793359861531,34.71054425786637,31.297596589229908,33.09311835625679,34.07484045408531,30.468444050692398,30.25130785189101,26.81759666975098,32.12525712652743,25.03422498885933,22.27359150414148,26.38287622539509,31.415727078869793,24.65894566177928,21.959797903196815,35.50292352004645,35.50309822284049,35.4721646480616,34.08399742795986,35.16901371130116,35.33807284466838,35.01521728601519,33.879975467501474,36.33085981477558,35.68351174097304,36.12176683305336,34.346917665994745,34.940510198491495,35.225206119745785,34.6299946587823,33.82551557440138,36.14484016432579,35.845767815254106,36.01875044068912,34.54644143203685,36.14496652373019,35.84581523395802,36.015909416105416,34.54666190837377,35.67308258583711,35.73127329375128,35.60018981187094,33.2479226500804,35.665609923948935,35.72634185119884,35.58718488227206,33.24753733882547,35.44171155449793,35.57441828640296,35.3352722545143,33.07016889590773,35.39979351863443,35.54948272427234,35.26597745653113,33.00528711952462,34.24311824160117,35.106269065185515,34.24136822288889,33.06035307073833,33.88978025097202,34.96594842424933,33.887598348137566,32.716008840383594,22.631265073440705,28.850688048802446,22.783418483211857,19.749015667348853,22.311168651445595,28.285750478569206,22.46962344060148,19.48817812126095,24.457065143290336,23.976130788185706,22.117937639005962,21.808229756955328,33.07016532928213,33.001261200100465,33.06050014548893,32.71614536260066,19.752356560471277,19.491632141655096
35.267337979898194,35.40121316059271,35.26886471146815,24.31596769478007,35.668822458381875,35.57285732741589,35.66923365122189,35.299629882552495,35.25683480338337,35.28910844183877,34.86133024635916,33.87063664124984,35.099058821695216,35.14883516520254,34.313283747406764,33.819552072646324,34.6295100900969,34.943132544211345,34.70338046878116,31.223039355481276,33.0375111100645,34.04272932467876,30.354463306621557,30.144112349502194,26.614324181302877,32.04899543080171,24.806139585739714,22.034569455242078,26.166552501139712,31.31728494737268,24.41898337790728,21.71166828233884,35.50070448707142,35.500878004843855,35.46855400171616,34.088085744282715,35.16507741085946,35.33500438600449,35.0094449256613,33.881359510981895,36.33275534322956,35.68217937258113,36.12224347678295,34.343783530882874,34.93037995103456,35.219077282987186,34.61426231525633,33.825556435500374,36.14360677492089,35.844454403317634,36.01863359596305,34.530712880070986,36.14365703314683,35.84447508083786,36.01559010661481,34.53090628608788,35.67616341097644,35.73287438255757,35.603640966467495,33.2367490788921,35.66819925234807,35.7276078912793,35.59001748262644,33.235962883164696,35.448409213256376,35.57878262222125,35.3418878853557,33.066097122662434,35.40507399127364,35.55292535342324,35.2714157050637,32.996265260787595,34.24840218098198,35.110979403385066,34.246820615432995,33.056829910080765,33.89637638023716,34.97052332200032,33.89440172993018,32.7128276101849,22.39148956469659,28.713700418199004,22.535317421721444,19.500768386809153,22.060470723587585,28.130665117509782,22.21074801279154,19.231044955429766,24.252148293438662,23.756702458191263,21.878251005985817,21.559458944974907,33.06609299391153,32.99232031917561,33.056956527467676,32.71293995195207,19.503909820195933,19.234302800469056
35.262293120234744,35.39778065153115,35.26365936456463,24.25691591612728,35.66724045953035,35.570925850980515,35.667682693893696,35.298080382461244,35.25492393347065,35.28674169232629,34.85407906272132,33.87152995775537,35.09271682436027,35.14261667077733,34.292734949427754,33.81912586555208,34.62168322799294,34.93792806501108,34.69580001660164,31.150405890352754,32.98111007489617,34.01018363338981,30.243800818218162,30.03800031847225,26.422593713265744,31.976605379905955,24.59078724110667,21.809638904914916,25.961294462724734,31.22249024497314,24.191374094888403,21.477196771963108,35.498510561061245,35.49868179966836,35.46507467820777,34.092080983628854,35.16119856723215,35.33197635959466,35.003846595557675,33.88257891384333,36.33498332011319,35.68093803768095,36.12291420957234,34.34207699403194,34.92040585798572,35.2130376061526,34.59888598522693,33.82545113671773,36.1425980095431,35.843279332968706,36.01863522797922,34.517433930761335,36.14257232604656,35.8432733183638,36.01539654091267,34.517601834518146,35.67903943218448,35.734386144812234,35.606875646403935,33.22587133694215,35.67060512004471,35.72879877312536,35.592664201644844,33.22468315296511,35.454832338836574,35.58295727439894,35.34820868686348,33.06228799995575,35.410143177013836,35.556219024250254,35.27660617357881,32.987907411263734,34.25321790669586,35.11539958249951,34.25177469620846,33.05379312680714,33.9023925941627,34.9747947274513,33.90058941361104,32.71021736577916,22.165293028778297,28.584112743262857,22.301030663849907,19.267185650766322,21.82309486991775,27.98271999229669,21.96543317736206,18.988330189835942,24.05871253876919,23.54820661867056,21.652709116297252,21.324411482617638,33.062286842386065,32.98404192915466,33.05390233537167,32.71030935095021,19.270142752500213,18.991406855655544
35.25775505385245,35.39458770364417,35.25898430736826,24.205623257163747,35.66557570932971,35.56897837034418,35.6660397328557,35.296357019697105,35.252944797281245,35.28435660399134,34.847111302875305,33.87231338417369,35.086340010774954,35.13642080780783,34.27274898558639,33.81856297635737,34.613217945854856,34.932375233721984,34.68786054428247,31.079864100131957,32.92416785886391,33.97735277730009,30.136479195062037,29.933270776370872,26.24178974996011,31.907906768083254,24.387632155450287,21.59787943632296,25.766533042861685,31.131243237043687,23.97560577064745,21.255489069628123,35.496353886087235,35.49652194889135,35.46172875667262,34.09593564802056,35.15739927166129,35.32900595534061,34.99843172672984,33.88366199206118,36.337502892489226,35.67978861315562,36.12376229272491,34.34144956173478,34.910620848110966,35.207109638512044,34.58388933652796,33.82523090228348,36.14180135271237,35.84223886019637,36.01875075658992,34.506255940365236,36.14170005142654,35.84220626091417,36.015324030736,34.50639969657798,35.681729806156866,35.73582003171539,35.609912680997695,33.21528649882869,35.67284625305019,35.72992568282046,35.5951428854651,33.21369636807178,35.46098135157596,35.58694767522335,35.35424248844671,33.058733198929794,35.415002254198015,35.559369467618836,35.2815589967176,32.980170576808796,34.257646448735,35.11956198086765,34.256317721977155,33.05117199291406,33.90792631093907,34.9788010610883,33.906265871994975,32.70808936153602,21.95201932103881,28.461607386413725,22.080024915174057,19.047233410160842,21.5983930697138,27.841652754179805,21.73314727090599,18.7590090676858,23.876072719227395,23.35000755011192,21.440381491529287,21.102181576321335,33.05873767315702,32.976382471666476,33.05126628551109,32.70816411907588,19.0500186460536,18.761916901869544
35.25365207059495,35.39160906117464,35.25476363748726,24.160903977386297,35.66385703881386,35.567033223021056,35.6643350726063,35.29451041308669,35.250919564191946,35.2819717169135,34.84042451727343,33.87299047044658,35.079964007373675,35.130275964874436,34.25333524226558,33.81787911006992,34.60419854128967,34.92652729266368,34.67961934245418,31.01152384764107,32.866916559579785,33.94437319326042,30.032480031686713,29.83016190403992,26.07130809856416,31.84272069646813,24.196062267101215,21.398450607332375,25.58171031308923,31.04343838106553,23.771094598198633,21.045732035453234,35.49424437310155,35.49440852962621,35.45851727588588,34.09962326063784,35.15369498825181,35.32610593230559,34.993206660720126,33.884630308402066,36.34027646752335,35.6787308856891,36.12477195972632,34.34163235077628,34.90104900841424,35.20131040524034,34.569289031959265,33.82491982075289,36.14120453842507,35.84132860058073,36.01897547320306,34.49688000229167,36.14102809333243,35.841269577357565,36.01536774165267,34.4970007884864,35.68425258196381,35.73718654622116,35.612769891118425,33.20499108180412,35.67494021462848,35.73099881983309,35.5974703397852,33.2030000924153,35.4668606261477,35.590760980803395,35.35999922344562,33.05542219015142,35.41965560993043,35.56238371515156,35.286285491457136,32.97301292209292,34.26175225284521,35.12349420869732,34.26051902106208,33.048908473949226,33.913055919443515,34.982574830577256,33.911515102658434,32.70637080150007,21.750971584760496,28.345831416131922,21.871646854026974,18.84002633400365,21.38568174031074,27.707163853235055,21.513246527312482,18.54220582366107,23.70359565892983,23.161522285395442,21.240422830955083,20.891949796183656,33.05543428641542,32.969299736011486,33.048989900304164,32.70643090189805,18.842650611053223,18.544955603399817
35.24992506431947,35.38882384426557,35.250934859905705,24.121763711266933,35.662108506297386,35.565105587186935,35.66259406396611,35.292580851312934,35.24886826502369,35.27960302811766,34.83401600721718,33.87356798601274,35.07362003322917,35.12420621210227,34.234499107158186,33.81709072226863,34.594706588647966,34.92043489929811,34.67113194490578,30.94545080052738,32.8095670024696,33.91136809469166,29.93176298339438,29.72886314617934,25.91056420823763,31.780872425341705,24.01544750038354,21.210581153655465,25.406287270205517,30.95896709813463,23.577241067279594,20.84718257430174,35.49219006668384,35.492349724863985,35.455440463741745,34.10313116817043,35.15009692620658,35.323285982867866,34.988175524974245,33.88550073681203,36.34326960484608,35.677763823043186,36.125928385002275,34.34241794579042,34.891708095244,35.1956528387432,34.55509657159666,33.82453681041728,36.14079558865988,35.84054371907371,36.019304540162665,34.489049565394794,36.14054461011527,35.84045848109892,36.01552269530405,34.4891484119884,35.6866245517737,35.7384952063994,35.615463939718076,33.194981242339914,35.676903266206786,35.73202736722502,35.5996621907279,33.19259143537667,35.472477355821916,35.59440543308726,35.365490214584824,33.05234316001554,35.42410985365512,35.56526954544271,35.29079761008276,32.96639431995287,34.265586743583604,35.12721994738445,34.26443385163373,33.04695468138691,33.91784466147667,34.986143636182994,33.91640481193588,32.70500173000378,21.561458592841593,28.236427420229887,21.675211209196,18.644772657147584,21.18428606738977,27.578946068656688,21.305059870063097,18.337139598163784,23.540693986146653,22.982213683941186,21.052059059458074,20.692968889624158,33.05236435315841,32.962753360771174,33.047024936537206,32.70504929368235,18.647245847033428,18.33974104553472
35.246525164405604,35.38621470220663,35.24744635082278,24.087368076936748,35.6603500703653,35.563207953196844,35.66083777366517,35.29060070774603,35.246808667789246,35.27726425242768,34.82788252900314,33.874054417142474,35.06733503014955,35.118231777283505,34.21624269779929,33.81621404646598,34.584819835827695,34.91414565054834,34.66245120924295,30.881676982114204,32.75230905812506,33.878447826089285,29.834275724856738,29.629524466424662,25.75899824200272,31.722193255374748,23.845168394240613,21.033559440266686,25.23974847100728,30.87771992421037,23.393457299010755,20.659157814112124,35.49019745670594,35.490352139903635,35.45249789990271,34.10645568448264,35.14661334707228,35.32055354117985,34.98334072320603,33.886286855833944,36.34645087709489,35.67688579616089,36.127217657399456,34.34364645877482,34.88261117806108,35.190146753037475,34.54131947692909,33.82409701556039,36.14056285186484,35.83987909154057,36.01973301226879,34.48254423777392,36.140238073650366,35.83976789187905,36.01578379353115,34.482622053124906,35.688861190284214,35.739754559082456,35.61801026437629,33.18525291012537,35.678750315910044,35.733019511430385,35.60173282655958,33.18246719060137,35.47784068252776,35.59788989208878,35.3707276319256,33.04948367274826,35.4283730711716,35.56803508647218,35.29510753985008,32.96027669191518,34.269191107515226,35.13075963588182,34.26810641444867,33.04527086753149,33.922343706319424,34.98953100648114,33.920989727438425,32.70393255728745,21.38281423599052,28.133046755438226,21.490041122431585,18.460747392726393,20.99355834771394,27.45669727620416,21.107927469530985,18.1430978956018,23.386820150773197,22.811583876156476,20.874576491146303,20.504552701220046,33.049515041035995,32.956705137903114,33.04533136150694,32.70396934094879,18.46307859158853,18.145559936603373
35.24341184713477,35.38376714119268,35.24425534073343,24.057016461246526,35.6585982158991,35.56135054189828,35.65908362456784,35.288596152674586,35.244756320617896,35.27496705758461,34.822020172042045,33.87445898503563,35.06113196449113,35.11236950221883,34.19856536606971,33.815264508713746,34.57461149926027,34.90770380951385,34.65362674550601,30.82020881377232,32.6953125188135,33.84571052169993,29.73995901120968,29.532263499303305,25.616077723702855,31.66652159476551,23.684629195457727,20.866725774010817,25.081604351141507,30.799588016638225,23.219179351535093,20.481027158036664,35.48827172948319,35.48842105814419,35.44968863344712,34.109598817169434,35.1432503250449,35.31791428958458,34.9787032459499,33.88699985995807,36.3497917068332,35.676094748572595,36.12862675211483,34.345194784686065,34.87376773460384,35.18479951566188,34.52796208895084,33.823612771392185,36.140495036668135,35.83932943050839,36.02025586836556,34.47717455833001,36.14009730376215,35.83919256177469,36.016145852317834,34.47723214960864,35.690976652580275,35.74097222047487,35.6204230658744,33.17580187787599,35.68049492454219,35.73398248834475,35.603695394345266,33.17262393060521,35.482961030941794,35.60122349170968,35.37572408225624,33.04683114166774,35.43245426173996,35.57068852993453,35.29922741206093,32.954624196777054,34.272598469803064,35.13413102128432,34.271572208064704,33.04382384320323,33.92659458850466,34.992757079958686,33.92531422353166,32.70312208613897,21.214404991500512,28.03535519731098,21.31548545311999,18.287278519053164,20.812884740996832,27.340126007517306,20.92121699668981,17.959422667470243,23.241461629350987,22.649169003203937,20.707313640688433,20.326067728730184,33.046873457952245,32.951119173545045,33.043875756067656,32.703149551683,18.289476186069088,17.96175357293914
35.24055141431422,35.38146897184146,35.24132629516089,24.030120127998593,35.65686650290219,35.55954165014872,35.65734596653994,35.28658841249857,35.24272467506651,35.272721273779375,34.81642433822007,33.87479106450382,35.0550300632072,35.10663246616169,34.181463985295586,33.8142564442328,34.56414985045629,34.901150177560474,34.64470459132641,30.76103326848768,32.63872823826225,33.813242593479316,29.648749290415093,29.437171149152633,25.4812985281845,31.613703440486592,23.53326324647988,20.709466377958087,24.931391980216677,30.724464052407267,23.05387210381188,20.312206008502493,35.48641694046583,35.48656062295387,35.44701111548955,34.11256613581294,35.14001221995867,35.31537248528915,34.97426289190073,33.88764926698801,36.353266188492924,35.67538830773184,36.13014349903411,34.346968346904994,34.86517983324377,35.179614283930434,34.51502395597017,33.8226564369139,36.140581238934956,35.83888937254132,36.02086804607943,34.47277759117872,36.14011149597764,35.83872716281921,36.01660363863946,34.47281568175259,35.692983809299314,35.74215492885376,35.62271533285206,33.1666238604174,35.68214934797613,35.73492264090693,35.60556183164371,33.16305807060728,35.48784960039147,35.60441538718354,35.38049229974033,33.04437315800791,35.43636291561061,35.57323792746421,35.3031690935891,32.94940331007629,34.27583559781915,35.137349600958466,34.2748598717538,33.04258572583375,33.93063114232474,34.99583916111978,33.92941440422523,32.70253593488329,21.05563204148416,27.943035088111554,21.150925394595077,18.123739186530603,20.641686895981305,27.228953670238756,20.744329574316584,17.785502280546943,23.10413726045238,22.494535175608622,20.549655019121328,20.1569266641272,33.044426959695286,32.94596194632172,33.04263005126972,32.702555304519876,18.125811225785174,17.787709751460167
35.237915696779275,35.3793096392893,35.238629563730925,24.006183938228165,35.65516597289959,35.557787719526765,35.65563652729409,35.2845947119133,35.240725226770195,35.27053499853816,34.81108975299467,33.87506008493492,35.04904317543269,35.101024268377365,34.16493155546532,33.81320311100513,34.55349801333552,34.894522035327554,34.63572705397962,30.704122601539492,32.5826892006052,33.781116743609246,29.560580013251357,29.344316019265705,25.354184800090405,31.563592460110964,23.390534630706043,20.561208648411487,24.788674741106234,30.652241606442654,22.897030531225237,20.152150782748716,35.48463573575079,35.48477360533472,35.44446194457729,34.11536570780637,35.13690194973076,35.31293097986493,34.97001840812605,33.88824389961335,36.35685089825584,35.67476360319391,36.13175654486415,34.348894960203594,34.85681756536479,35.174577770298114,34.50248719277615,33.81991023625726,36.14081095863561,35.83855339606488,36.021564473257115,34.469213319674246,36.1402702390726,35.83836620506599,36.0171519037638,34.469232563582736,35.694894296623815,35.74330855163501,35.62489888153696,33.15771453417867,35.683724593533995,35.73584543049073,35.60734291225988,33.15376591269083,35.49251797698421,35.607474548023944,35.38504491311494,33.04209771528995,35.44010869724019,35.57569102421712,35.306944038862405,32.94458282785627,34.27892423378067,35.14042896421436,34.27799262753059,33.041532947292296,33.93448103627232,34.99879216053241,33.93331975570554,32.70214527547677,20.90593103092834,27.855785826095634,20.995776248852792,17.969542787938785,20.47942131722023,27.12291473450168,20.576701080511395,17.620766306199005,22.97439443059417,22.34727535756886,20.401026336404502,19.99658334777331,33.04216335799509,32.94120229491891,33.041570527160424,32.70215757584259,17.971496602907234,17.622857531904717
35.23548086859216,35.37727959485976,35.236140158574806,23.984791060586744,35.65350536476565,35.55609331583933,35.6539646735795,35.282628950616235,35.23876761168768,35.26841463000801,34.80601047014864,33.875274906891484,35.04317935203208,35.09554541441105,34.14895668295388,33.81211599147867,34.542713912904475,34.88785312448323,34.626732661312076,30.649438003664628,32.52731160315662,33.749394918096435,29.47538228116273,29.253747939031282,25.234288222158018,31.516049808701034,23.255938020418167,20.42141733748808,24.653041341877795,30.58281542369628,22.748179218225157,20.000354852124303,35.482929245227666,35.48306124123525,35.44203700275132,34.11800657184256,35.13392107134347,35.31059117484404,34.96596753310189,33.88879113005064,36.36052468873421,35.67421705380466,36.13345530262019,34.35091951800433,34.8486593445644,35.16967988891329,34.490335296949446,33.815672229288296,36.14117409932965,35.838315662828705,36.02234008724736,34.46636126773597,36.140563515213685,35.83810387828312,36.017785404199635,34.466362261727056,35.69671855869133,35.74443805903487,35.626984392388756,33.14906955984319,35.68523046800929,35.736755414381655,35.60904828808228,33.14474367302245,35.49697783591692,35.61040958352105,35.38939426891162,33.039993353655596,35.443701206496804,35.578055118164905,35.31056318415583,32.940133815399236,34.28188213724812,35.143381049791394,34.28098940801719,33.040645463562896,33.93816699131403,35.0016289369921,33.93705445771897,32.701925819867384,20.76477082638256,27.773323556274818,20.849487057790462,17.824139424253257,20.325577757647864,27.021756184399283,20.417801383166726,17.464681691424616,22.85180685709378,22.20700690112965,20.260890685278106,19.84452870198062,33.040071052551376,32.93681135492351,33.04067701552299,32.70193191755296,17.825981958794134,17.46666339447906
35.233226573357946,35.375370248761115,35.23383678849333,23.96559017680119,35.6518913926395,35.55446158169195,35.6523376646107,35.28070220310202,35.23685972407866,35.26636507923811,34.80117990602655,33.87544352618004,35.03744386841082,35.090198191676606,34.133526183612965,33.811004646627005,34.53185033763208,34.881173769606384,34.617756201399665,30.596932439579504,32.4726963069084,33.71813174756931,29.393085467178462,29.16550084225278,25.121186934120797,31.470943850510253,23.12899770516399,20.289591413501505,24.52410472700727,30.516083394735244,22.606871181959608,19.856345184732337,35.481297744344374,35.48142385781817,35.43973260472433,34.12049787919286,35.131069920311454,35.308353405913245,34.96210708104072,33.88929688987965,36.364268495582415,35.67374477396378,36.13522989791601,34.352999970600266,34.8407014877888,35.16491894536427,34.478559606987744,33.81027885026391,36.141660965537994,35.83817024212524,36.023189849006826,34.46411766338114,36.14098169797149,35.837934276398094,36.018498917294934,34.4641009569079,35.698465907086614,35.74554763636691,35.62898146119001,33.140684590842376,35.68667564210607,35.7376563614205,35.61068654461334,33.1359874948174,35.50124072100354,35.613228672265095,35.393552303765084,33.038049243100076,35.4471498069941,35.58033701762362,35.31403687943807,32.93602951723551,34.284723903054655,35.1462163872611,34.283865740196326,33.03990612171518,33.94170775074116,35.004360611216796,33.94063842635415,32.70185700250048,20.631651906067475,27.695380524555556,20.71153935029176,17.68701311243768,20.17967736361704,26.925237887057918,20.267132774208687,17.31674968691232,22.73597278252853,22.073369542533353,20.128745414029705,19.70028737648377,33.03813910481129,32.9327624598415,33.03993226136139,32.701857632711544,17.68875088435999,17.318628160068975
35.231135359182595,35.373574000824,35.23170121618941,23.94828479789929,35.65032912434587,35.55289467657834,35.65076100885474,35.27882315395334,35.23500789756449,35.264390025232416,34.79659093838649,33.875573090625466,35.03184101557816,35.084985775486416,34.11862668532285,33.80987706408115,34.52095508540382,34.87451107326201,34.608828842156555,30.546552859018252,32.41893027007491,33.68737496177516,29.313617779710505,29.079595161371685,25.014484258280053,31.42814984920663,23.009266244687552,20.16526139754245,24.401500919635122,30.45194702773649,22.472686466283637,19.7196795190617,35.479741089604865,35.479861338070336,35.43754534169113,34.12284861239892,35.12834785296271,35.306217298791864,34.958433109648674,33.88976611400427,36.368065168302095,35.673342924784784,36.137071126916325,34.355104392285256,34.83294755962437,35.160296626949744,34.46715496677568,33.804002222698635,36.142262268253155,35.83811135604995,36.02410876573983,34.46239311589097,36.14151555845149,35.83785164297682,36.019287265165424,34.46235921939712,35.70014461055221,35.746640827011156,35.63089867759463,33.13255527568007,35.68806774444469,35.73855139789905,35.61226528315763,33.12749345500542,35.505317889875286,35.61593954365213,35.39753046084049,33.03625522485111,35.450463511490305,35.582543045957,35.31737485434225,32.932245244424834,34.287461605507794,35.14894431438558,34.28663444078491,33.03930015249458,33.94511885401521,35.006996844592685,33.94408814569505,32.70192132076924,20.5061046224034,27.621704300539033,20.581445534211706,17.557679418293173,20.04127081345187,26.833132576719848,20.124228171176846,17.176503250803105,22.62651342265249,21.946023720779973,20.00411947335451,19.56341492221027,33.03635727201902,32.929031021533014,33.039321411106286,32.70191711045699,17.5593185483925,17.178284388733797
35.22919226053638,35.37188417490466,35.22971780352536,23.932624352831695,35.648822337310676,35.551394047007214,35.64923882880632,35.27699850212988,35.233217108070534,35.26249212520683,34.79223603470332,33.875669942721665,35.0263747027821,35.07991155355098,34.10424515656154,33.80874001157486,34.51007116679766,34.86788912220018,34.599978304498606,30.498241923372742,32.36608785209534,33.65716574271972,29.236906706080088,28.99603983581533,24.913807343154975,31.387549633034677,22.89632297348084,20.04798704628773,24.284887764436228,30.39031132651107,22.3452306382451,19.589943931200526,35.47825889174679,35.47837330972207,35.43547195323057,34.12506742310271,35.12575347896015,35.3041819802996,34.95494109937087,33.890203001931,36.37189931554841,35.673007844088076,36.13897042416702,34.357208704470445,34.82540329532761,35.15581557511301,34.456117484907374,33.797063254626075,36.14296913211906,35.838133480062396,36.025091919769814,34.46111062439437,36.14215627307239,35.837850471996006,36.02014534467976,34.46106001616421,35.70176199600682,35.74772063398279,35.63274371632357,33.124677257728955,35.6894134662705,35.73944311165573,35.613791214971805,33.1192575682208,35.50922020800129,35.61854946707101,35.40133963891277,33.03460182338424,35.45365090882779,35.58467904983626,35.32058620822514,32.928758249262536,34.29010530647301,35.151573151735505,34.289306164472656,33.03881476247579,33.94841325495741,35.00954606554228,33.94741733197451,32.70210380186752,20.387687462349827,27.552056956968464,20.458747180641616,17.435683358046674,19.909936486821223,26.74522528325878,19.988649283080317,17.043504772799785,22.523071587252854,21.824649135948377,19.886571107818995,19.43349535849535,33.034716013604566,32.92559439984154,33.038831601301446,32.70209528844051,17.437229596128404,17.045194100204927
35.227384445582835,35.37029490912046,35.22787314188236,23.918396754789683,35.64737380394796,35.549960593395134,35.647774165910356,35.275233324944125,35.231491168436655,35.260673184097946,34.78810737789295,33.87573967665679,35.02104856877608,35.074978727166474,34.0903689867578,33.80759931684583,34.499237045755144,34.86132919425245,34.59122906376798,30.451939357165376,32.31423200338638,33.62753915583465,29.162879364369104,28.914834008335465,24.818805795344264,31.34903124963537,22.78977247560804,19.937355296876046,24.173943632852605,30.331084614770464,22.22413325964476,19.466750697053588,35.47685057836047,35.476959214037606,35.43350925929992,34.12716254224554,35.123284844756725,35.302246204128785,34.951626107756894,33.89061118173429,36.37575715941749,35.67273607469805,36.14091983354454,34.35929490586185,34.81807434375768,35.15147829911358,34.445443459552315,33.78964160612636,36.14377309951302,35.838231368419336,36.02613449644604,34.4602038675804,36.14289542822386,35.837925533479364,36.02106815632538,34.46013699938406,35.70332454689318,35.74878959404142,35.63452342736427,33.11704617409059,35.69071866294459,35.740333628344466,35.6152702538153,33.111275789698915,35.512958078205116,35.621065247610595,35.40499016435506,33.03308023789469,35.456720120236405,35.586750410514014,35.32367941587622,32.92554759430796,34.292663456100264,35.15411034296671,34.29188983628369,33.03843880503986,33.951601815762416,35.01201565325675,33.95063746421901,32.70239157072082,20.2759853641764,27.4862142487696,20.34301331728555,17.320597492162626,19.78527869555015,26.661312616381984,19.859984809497508,16.91734402706293,22.42531042503887,21.70894348240827,19.775685806865035,19.310139034127108,33.033206478341434,32.92243176790228,33.038451626836434,32.70237921722406,17.32205624082863,16.918946724142433
35.22570090326808,35.36880103530104,35.22615572853592,23.90542219609843,35.64598550702224,35.54859477851914,35.64636921472495,35.2735313906353,35.22983290265643,35.25893429227628,34.784196976713744,33.87578720263951,35.015865919895816,35.07019007808773,34.076985907792015,33.80646006745148,34.48848690307435,34.8548499623652,34.58260256401689,30.40758300739616,32.26341535411256,33.5985246096763,29.09146279046174,28.835968466891263,24.72915034022169,31.31248862431686,22.68924308918486,19.83297841682549,24.068366143737553,30.27417837598527,22.109046385565332,19.34973638265569,35.47551541467929,35.47561832884559,35.431654121942564,34.12914173651999,35.12093957003608,35.300408430091274,34.948482893063016,33.890993820248234,36.37962639756039,35.672524354617906,36.14291197898845,34.361349696636275,34.81096533694823,35.147286725136574,34.435128876533916,33.78188346900554,36.144666130363625,35.83840004988337,36.02723180760787,34.45961573340518,36.14372502063704,35.83807186940146,36.022050828493505,34.45953303513379,35.704837993720055,35.74984983646573,35.636243919833944,33.109657654275665,35.69198844713465,35.74122467203682,35.616707601633145,33.10354401782946,35.51654139661209,35.62349322903026,35.408491779676815,33.03168231973518,35.45967877690294,35.588762059398555,35.32666234363468,32.92259402053806,34.29514320900366,35.15656256952934,34.294392992650685,33.03816251384858,33.95469370203216,35.01441208877624,33.95375820845909,32.70277349884136,20.170608114287862,27.423964815099655,20.233838782009904,17.212020170711703,19.66692600108522,26.581202057187546,19.737848709632207,16.797636301727735,22.332912261632075,21.59862131034472,19.671074458482867,19.192980715021374,33.03182047847909,32.91952397760976,33.03817167224393,32.702757706306095,17.21339650733595,16.79915722755616
